"BrNum","ID","Batch"
"Br1119","8501601032_R02C01","5M"
"Br1051","8501601032_R03C01","5M"
"Br1477","9828658102_R01C01","5M"
"Br5063","9828658102_R02C01","5M"
"Br2039","9828658102_R03C01","5M"
"Br5151","9828658102_R04C01","5M"
"Br2353","9828658127_R01C01","5M"
"Br5370","9828658127_R02C01","5M"
"Br2513","9828658127_R03C01","5M"
"Br5182","9828658127_R04C01","5M"
"Br1640","9829125023_R01C01","5M"
"Br5068","9829125023_R02C01","5M"
"Br2291","9829125023_R03C01","5M"
"Br5138","9829125023_R04C01","5M"
"Br2327","9828658140_R01C01","5M"
"Br5072","9828658140_R02C01","5M"
"Br5015","9828658140_R03C01","5M"
"Br5147","9828658140_R04C01","5M"
"Br2333","9828658141_R01C01","5M"
"Br5070","9828658141_R02C01","5M"
"Br2073","9828658141_R03C01","5M"
"Br5144","9828658141_R04C01","5M"
"Br5250","9828658156_R01C01","5M"
"Br2027","9828658156_R02C01","5M"
"Br5292","9828658156_R03C01","5M"
"Br2425","9828658156_R04C01","5M"
"Br1733","9828658157_R01C01","5M"
"Br5069","9828658157_R02C01","5M"
"Br2345","9828658157_R03C01","5M"
"Br5141","9828658157_R04C01","5M"
"Br5270","9829125009_R01C01","5M"
"Br2343","9829125009_R02C01","5M"
"Br5324","9829125009_R03C01","5M"
"Br1171","9829125009_R04C01","5M"
"Br2378","9829125020_R01C01","5M"
"Br5135","9829125020_R02C01","5M"
"Br2534","9829125020_R03C01","5M"
"Br5205","9829125020_R04C01","5M"
"Br5235","9828658132_R01C01","5M"
"Br5367","9828658132_R02C01","5M"
"Br5287","9828658132_R03C01","5M"
"Br2423","9828658132_R04C01","5M"
"Br5262","9829125024_R01C01","5M"
"Br2313","9829125024_R02C01","5M"
"Br5323","9829125024_R03C01","5M"
"Br5053","9829125024_R04C01","5M"
"Br2075","9829125026_R01C01","5M"
"Br5071","9829125026_R02C01","5M"
"Br5012","9829125026_R03C01","5M"
"Br5019","8501651103_R02C01","5M"
"Br5020","8501651064_R04C01","5M"
"Br5021","8501651076_R02C01","5M"
"Br5022","8501651023_R01C01","5M"
"Br5023","8501651044_R01C01","5M"
"Br2001","8501601012_R03C01","5M"
"Br2275","9373406026_R02C01","5M"
"Br2337","8501601012_R01C01","5M"
"Br2385","9373406026_R03C01","5M"
"Br2388","9348679032_R04C01","5M"
"Br2447","9348680023_R01C01","5M"
"Br2542","9373408021_R03C01","5M"
"Br2543","9373408021_R04C01","5M"
"Br835","8501651112_R04C01","5M"
"Br2359","9348679008_R02C01","5M"
"Br2365","9348679020_R02C01","5M"
"Br2374","9348679004_R02C01","5M"
"Br2473","9373408026_R01C01","5M"
"Br2481","9348679020_R04C01","5M"
"Br2527","9348679016_R04C01","5M"
"Br2533","9373408026_R03C01","5M"
"Br5077","8501651044_R04C01","5M"
"Br5078","8501651071_R01C01","5M"
"Br5083","8501651024_R02C01","5M"
"Br1986","9348679020_R03C01","5M"
"Br2040","9348679003_R04C01","5M"
"Br5087","8501651028_R02C01","5M"
"Br5088","8501651028_R03C01","5M"
"Br5091","8501651131_R01C01","5M"
"Br5092","8501651131_R02C01","5M"
"Br5093","8501651131_R03C01","5M"
"Br5098","8501651074_R03C01","5M"
"Br5102","8501651065_R03C01","5M"
"Br5105","8501651068_R03C01","5M"
"Br5106","8501651068_R04C01","5M"
"Br5110","8501651064_R01C01","5M"
"Br5111","8501651064_R02C01","5M"
"Br5112","8501651064_R03C01","5M"
"Br5115","8501651103_R03C01","5M"
"Br5116","8501651056_R01C01","5M"
"Br5117","8501651056_R02C01","5M"
"Br1119","9348679016_R02C01","5M"
"Br2298","9348679016_R03C01","5M"
"Br2301","9373406026_R04C01","5M"
"Br2305","9348679032_R02C01","5M"
"Br5120","8501651056_R04C01","5M"
"Br5121","8501651044_R03C01","5M"
"Br5122","8501651024_R01C01","5M"
"Br5128","8501651076_R01C01","5M"
"Br5129","8501651076_R03C01","5M"
"Br1317","8501651112_R02C01","5M"
"Br5124","8501651024_R03C01","5M"
"Br5125","8501651065_R01C01","5M"
"Br5126","8501651068_R01C01","5M"
"Br5127","8501651103_R04C01","5M"
"Br2260","9373406026_R01C01","5M"
"Br2262","9348679019_R04C01","5M"
"Br2265","9348680023_R03C01","5M"
"Br5118","8501651056_R03C01","5M"
"Br5114","8501651103_R01C01","5M"
"Br5131","8501651076_R04C01","5M"
"Br5159","9348679019_R01C01","5M"
"Br5168","9348679019_R03C01","5M"
"Br5175","9348679019_R02C01","5M"
"Br2321","9348679004_R01C01","5M"
"Br1051","9348679016_R01C01","5M"
"Br5107","8501651023_R02C01","5M"
"Br5108","8501651023_R03C01","5M"
"Br5109","8501651023_R04C01","5M"
"Br2429","9348679032_R03C01","5M"
"Br2470","9348679007_R04C01","5M"
"Br5103","8501651065_R04C01","5M"
"Br5104","8501651068_R02C01","5M"
"Br2484","9348680023_R02C01","5M"
"Br2486","9373408026_R02C01","5M"
"Br5099","8501651074_R04C01","5M"
"Br5100","8501651065_R02C01","5M"
"Br2538","9373408026_R04C01","5M"
"Br2539","9373408021_R01C01","5M"
"Br5094","8501651131_R04C01","5M"
"Br5095","8501651074_R01C01","5M"
"Br5096","8501651074_R02C01","5M"
"Br5089","8501651028_R04C01","5M"
"Br2562","9348679003_R02C01","5M"
"Br2566","9348679003_R03C01","5M"
"Br1971","8501601032_R04C01","5M"
"Br2453","9348679004_R03C01","5M"
"Br2456","9348679007_R02C01","5M"
"Br2464","9348679007_R03C01","5M"
"Br2541","9373408021_R02C01","5M"
"Br2557","9348679003_R01C01","5M"
"Br1836","8501601032_R01C01","5M"
"Br2070","9348679008_R03C01","5M"
"Br5085","8501651024_R04C01","5M"
"Br5086","8501651028_R01C01","5M"
"Br653","8501651112_R03C01","5M"
"Br5079","8501651071_R02C01","5M"
"Br5080","8501651071_R03C01","5M"
"Br5081","8501651071_R04C01","5M"
"Br5075","8501651044_R02C01","5M"
"Br2356","8501651112_R01C01","5M"
"Br2358","9348679008_R01C01","5M"
"Br2287","9348679020_R01C01","5M"
"Br2377","9348679004_R04C01","5M"
"Br2347","9348680023_R04C01","5M"
"Br2350","8501601012_R02C01","5M"
"Br2351","8501601012_R04C01","5M"
"Br5026","9348679008_R04C01","5M"
"Br2393","9348679007_R01C01","5M"
"Br2405","9348679032_R01C01","5M"
"Br5145","9829125026_R04C01","5M"
"Br2476","9829125027_R01C01","5M"
"Br5146","9829125027_R02C01","5M"
"Br2573","9829125027_R03C01","5M"
"Br5212","9829125027_R04C01","5M"
"Br2371","9829181002_R01C01","5M"
"Br5066","9829181002_R02C01","5M"
"Br2521","9829181002_R03C01","5M"
"Br5200","9829181002_R04C01","5M"
"Br5259","9829181011_R01C01","5M"
"Br2295","9829181011_R02C01","5M"
"Br5314","9829181011_R03C01","5M"
"Br2454","9829181011_R04C01","5M"
"Br1468","9829181016_R01C01","5M"
"Br5005","9829181016_R02C01","5M"
"Br2494","9829181016_R03C01","5M"
"Br5161","9829181016_R04C01","5M"
"Br1300","9853746043_R01C01","5M"
"Br2582","9853746043_R02C01","5M"
"Br2474","9853746043_R03C01","5M"
"Br5154","9853746043_R04C01","5M"
"Br5213","9853746044_R01C01","5M"
"Br5330","9853746044_R02C01","5M"
"Br5276","9853746044_R03C01","5M"
"Br2346","9853746044_R04C01","5M"
"Br1457","9853746068_R01C01","5M"
"Br5062","9853746068_R02C01","5M"
"Br2052","9853746068_R03C01","5M"
"Br5074","9853746068_R04C01","5M"
"Br1334","9853746069_R01C01","5M"
"Br2587","9853746069_R02C01","5M"
"Br2492","9853746069_R03C01","5M"
"Br5155","9853746069_R04C01","5M"
"Br5228","9853746074_R01C01","5M"
"Br5338","9853746074_R02C01","5M"
"Br5280","9853746074_R03C01","5M"
"Br2348","9853746074_R04C01","5M"
"Br5232","9853746110_R01C01","5M"
"Br5348","9853746110_R02C01","5M"
"Br5286","9853746110_R03C01","5M"
"Br2421","9853746110_R04C01","5M"
"Br1528","9853746111_R01C01","5M"
"Br5065","9853746111_R02C01","5M"
"Br2322","9853746111_R03C01","5M"
"Br5134","9853746111_R04C01","5M"
"Br2304","9853746126_R01C01","5M"
"Br5024","9853746126_R02C01","5M"
"Br2509","9853746126_R03C01","5M"
"Br5165","9853746126_R04C01","5M"
"Br6090","202381640013_R01C01","11062018"
"Br6083","202381640013_R02C01","11062018"
"Br6170","202381640013_R03C01","11062018"
"Br6222","202381640013_R04C01","11062018"
"Br6257","202381640013_R05C01","11062018"
"Br6218","202381640013_R06C01","11062018"
"Br8153","202381640013_R07C01","11062018"
"Br5588","202381640013_R08C01","11062018"
"Br6030","202410230017_R01C01","11062018"
"Br6092","202410230017_R02C01","11062018"
"Br6095","202410230017_R03C01","11062018"
"Br6111","202410230017_R04C01","11062018"
"Br6143","202410230017_R05C01","11062018"
"Br6157","202410230017_R06C01","11062018"
"Br6177","202410230017_R07C01","11062018"
"Br6191","202410230017_R08C01","11062018"
"Br8026","202381640001_R01C01","11062018"
"Br8033","202381640001_R02C01","11062018"
"Br8047","202381640001_R03C01","11062018"
"Br8090","202381640001_R04C01","11062018"
"Br2701","202381640001_R05C01","11062018"
"Br5986","202381640001_R06C01","11062018"
"Br6131","202381640001_R07C01","11062018"
"Br6144","202381640001_R08C01","11062018"
"Br6148","202381640003_R01C01","11062018"
"Br6150","202381640003_R02C01","11062018"
"Br6193","202381640003_R03C01","11062018"
"Br6197","202381640003_R04C01","11062018"
"Br6206","202381640003_R05C01","11062018"
"Br6208","202381640003_R06C01","11062018"
"Br6210","202381640003_R07C01","11062018"
"Br6227","202381640003_R08C01","11062018"
"Br8041","202566680021_R01C01","11062018"
"Br8045","202566680021_R02C01","11062018"
"Br8062","202566680021_R03C01","11062018"
"Br8085","202566680021_R04C01","11062018"
"Br8105","202566680021_R05C01","11062018"
"Br8114","202566680021_R06C01","11062018"
"Br8170","202566680021_R07C01","11062018"
"Br8181","202566680021_R08C01","11062018"
"Br8194","202566680065_R01C01","11062018"
"Br8004","202566680065_R02C01","11062018"
"Br5658","202566680065_R03C01","11062018"
"Br6072","202566680065_R04C01","11062018"
"Br6096","202566680065_R05C01","11062018"
"Br8073","202566680065_R06C01","11062018"
"Br8162","202566680065_R07C01","11062018"
"Br5064","202566680065_R08C01","11062018"
"Br6102","201962800050_R01C01","11062018"
"Br6104","201962800050_R02C01","11062018"
"Br6122","201962800050_R03C01","11062018"
"Br6128","201962800050_R04C01","11062018"
"Br6263","201962800050_R05C01","11062018"
"Br6264","201962800050_R06C01","11062018"
"Br6265","201962800050_R07C01","11062018"
"Br6268","201962800050_R08C01","11062018"
"Br6272","201962800059_R01C01","11062018"
"Br6304","201962800059_R02C01","11062018"
"Br8015","201962800059_R03C01","11062018"
"Br8058","201962800059_R04C01","11062018"
"Br8067","201962800059_R05C01","11062018"
"Br2700","201962800059_R06C01","11062018"
"Br2706","201962800059_R07C01","11062018"
"Br2708","201962800059_R08C01","11062018"
"Br3852","201962800060_R01C01","11062018"
"Br6294","201962800060_R02C01","11062018"
"Br8192","201962800060_R03C01","11062018"
"Br8205","201962800060_R04C01","11062018"
"Br8208","201962800060_R05C01","11062018"
"Br8218","201962800060_R06C01","11062018"
"Br8223","201962800060_R07C01","11062018"
"Br3859","201962800060_R08C01","11062018"
"Br6051","201962800078_R01C01","11062018"
"Br6094","201962800078_R02C01","11062018"
"Br6126","201962800078_R03C01","11062018"
"Br6129","201962800078_R04C01","11062018"
"Br6151","201962800078_R05C01","11062018"
"Br6155","201962800078_R06C01","11062018"
"Br6156","201962800078_R07C01","11062018"
"Br6159","201962800078_R08C01","11062018"
"Br6171","201962800104_R01C01","11062018"
"Br6172","201962800104_R02C01","11062018"
"Br6178","201962800104_R03C01","11062018"
"Br6179","201962800104_R04C01","11062018"
"Br6180","201962800104_R05C01","11062018"
"Br6192","201962800104_R06C01","11062018"
"Br6195","201962800104_R07C01","11062018"
"Br6196","201962800104_R08C01","11062018"
"Br6198","201962800120_R01C01","11062018"
"Br6200","201962800120_R02C01","11062018"
"Br6202","201962800120_R03C01","11062018"
"Br6203","201962800120_R04C01","11062018"
"Br6204","201962800120_R05C01","11062018"
"Br6217","201962800120_R06C01","11062018"
"Br6219","201962800120_R07C01","11062018"
"Br6220","201962800120_R08C01","11062018"
"Br6223","201962800131_R01C01","11062018"
"Br6225","201962800131_R02C01","11062018"
"Br6229","201962800131_R03C01","11062018"
"Br8012","201962800131_R04C01","11062018"
"Br8034","201962800131_R05C01","11062018"
"Br8040","201962800131_R06C01","11062018"
"Br8048","201962800131_R07C01","11062018"
"Br8056","201962800131_R08C01","11062018"
"Br8059","201962800140_R01C01","11062018"
"Br8063","201962800140_R02C01","11062018"
"Br8069","201962800140_R03C01","11062018"
"Br8074","201962800140_R04C01","11062018"
"Br8078","201962800140_R05C01","11062018"
"Br8086","201962800140_R06C01","11062018"
"Br8092","201962800140_R07C01","11062018"
"Br8093","201962800140_R08C01","11062018"
"Br8104","202381640030_R01C01","11062018"
"Br8106","202381640030_R02C01","11062018"
"Br8107","202381640030_R03C01","11062018"
"Br8108","202381640030_R04C01","11062018"
"Br8109","202381640030_R05C01","11062018"
"Br8113","202381640030_R06C01","11062018"
"Br8123","202381640030_R07C01","11062018"
"Br8124","202381640030_R08C01","11062018"
"Br8126","202381640042_R01C01","11062018"
"Br8127","202381640042_R02C01","11062018"
"Br8131","202381640042_R03C01","11062018"
"Br8134","202381640042_R04C01","11062018"
"Br8136","202381640042_R05C01","11062018"
"Br8137","202381640042_R06C01","11062018"
"Br8138","202381640042_R07C01","11062018"
"Br8140","202381640042_R08C01","11062018"
"Br8145","202381640047_R01C01","11062018"
"Br8150","202381640047_R02C01","11062018"
"Br8161","202381640047_R03C01","11062018"
"Br8165","202381640047_R04C01","11062018"
"Br8168","202381640047_R05C01","11062018"
"Br8171","202381640047_R06C01","11062018"
"Br8173","202381640047_R07C01","11062018"
"Br8180","202381640047_R08C01","11062018"
"Br8189","202410230012_R01C01","11062018"
"Br8195","202410230012_R02C01","11062018"
"Br6078","202410230012_R03C01","11062018"
"Br6145","202410230012_R04C01","11062018"
"Br6199","202410230012_R05C01","11062018"
"Br6201","202410230012_R06C01","11062018"
"Br2550","202410230012_R07C01","11062018"
"Br2591","202410230012_R08C01","11062018"
"Br2627","202566680097_R01C01","11062018"
"Br5545","202566680097_R02C01","11062018"
"Br5591","202566680097_R03C01","11062018"
"Br5602","202566680097_R04C01","11062018"
"Br5610","202566680097_R05C01","11062018"
"Br5754","202566680097_R06C01","11062018"
"Br5866","202566680097_R07C01","11062018"
"Br5883","202566680097_R08C01","11062018"
"Br5624","202566680114_R01C01","11062018"
"Br5985","202566680114_R02C01","11062018"
"Br5988","202566680114_R03C01","11062018"
"Br6034","202566680114_R04C01","11062018"
"Br6047","202566680114_R05C01","11062018"
"Br6105","202566680114_R06C01","11062018"
"Br6117","202566680114_R07C01","11062018"
"Br6146","202566680114_R08C01","11062018"
"Br8057","202381640011_R01C01","11062018"
"Br2652","202381640011_R02C01","11062018"
"Br5468","202381640011_R03C01","11062018"
"Br5865","202381640011_R04C01","11062018"
"Br6323","202381640011_R05C01","11062018"
"Br6028","202566680042_R08C01","11062018"
"Br859","4463344335_R01C01","1M"
"Br922","4463344335_R01C02","1M"
"Br1113","4463344334_R01C01","1M"
"Br1134","4463344334_R01C02","1M"
"Br925","4463344526_R01C01","1M"
"Br1092","4463344526_R01C02","1M"
"Br827","4463344166_R01C01","1M"
"Br846","4463344166_R01C02","1M"
"Br1809","4463344232_R01C01","1M"
"Br1813","4463344232_R01C02","1M"
"Br1805","4463344294_R01C01","1M"
"Br1812","4463344294_R01C02","1M"
"Br1793","4463344670_R01C01","1M"
"Br1802","4463344670_R01C02","1M"
"Br1004","4463344575_R01C01","1M"
"Br1122","4463344575_R01C02","1M"
"Br1356","4463344384_R01C01","1M"
"Br1517","4463344384_R01C02","1M"
"Br1191","4463344122_R01C01","1M"
"Br1390","4463344122_R01C02","1M"
"Br1753","4463344375_R01C01","1M"
"Br1761","4463344375_R01C02","1M"
"Br1221","4463344431_R01C01","1M"
"Br1804","4463344431_R01C02","1M"
"Br1304","4463344452_R01C01","1M"
"Br1532","4463344452_R01C02","1M"
"Br1325","4463344524_R01C01","1M"
"Br1408","4463344524_R01C02","1M"
"Br948","4463344543_R01C01","1M"
"Br1058","4463344543_R01C02","1M"
"Br1096","4463344373_R01C01","1M"
"Br1225","4463344373_R01C02","1M"
"Br1796","4463344292_R01C01","1M"
"Br1803","4463344292_R01C02","1M"
"Br1801","4463344233_R01C01","1M"
"Br1811","4463344233_R01C02","1M"
"Br1806","4463344307_R01C01","1M"
"Br946","4463344307_R01C02","1M"
"Br1432","4463344553_R01C01","1M"
"Br1522","4463344553_R01C02","1M"
"Br1405","4463344306_R01C01","1M"
"Br1808","4463344306_R01C02","1M"
"Br1777","4463344254_R01C01","1M"
"Br1798","4463344254_R01C02","1M"
"Br1780","4463344668_R01C01","1M"
"Br1790","4463344668_R01C02","1M"
"Br1814","4463344408_R01C01","1M"
"Br1815","4463344408_R01C02","1M"
"Br1524","4463344295_R01C01","1M"
"Br1623","4463344295_R01C02","1M"
"Br1791","4463344231_R01C01","1M"
"Br1795","4463344231_R01C02","1M"
"Br1456","4463344574_R01C01","1M"
"Br914","4463344574_R01C02","1M"
"Br1735","4463344451_R01C01","1M"
"Br1750","4463344451_R01C02","1M"
"Br1473","4463344576_R01C01","1M"
"Br1384","4463344576_R01C02","1M"
"Br1816","4463344471_R01C01","1M"
"Br1824","4463344471_R01C02","1M"
"Br1879","4463344638_R01C01","1M"
"Br1968","4463344638_R01C02","1M"
"Br1275","4463344637_R01C01","1M"
"Br1525","4463344637_R01C02","1M"
"Br1271","4463344439_R01C01","1M"
"Br1204","4463344439_R01C02","1M"
"Br836","4463344542_R01C01","1M"
"Br1107","4463344542_R01C02","1M"
"Br1859","4463344242_R01C01","1M"
"Br1962","4463344242_R01C02","1M"
"Br1040","4463344695_R01C01","1M"
"Br1504","4463344695_R01C02","1M"
"Br1963","4463344194_R01C01","1M"
"Br1788","4463344194_R01C02","1M"
"Br1306","4463344651_R01C01","1M"
"Br1858","4463344651_R01C02","1M"
"Br1942","4463344382_R01C01","1M"
"Br1826","4463344382_R01C02","1M"
"Br1792","4463344405_R01C01","1M"
"Br1797","4463344405_R01C02","1M"
"Br1314","4572348425_R01C01","1M"
"Br1192","4572348520_R01C02","1M"
"Br844","4572348866_R01C02","1M"
"Br1247","4572348671_R01C02","1M"
"Br1003","4572348521_R01C02","1M"
"Br1102","4572348891_R01C02","1M"
"Br1437","4572348848_R01C01","1M"
"Br1677","4572348848_R01C02","1M"
"Br1214","4572348844_R01C01","1M"
"Br1276","4572348844_R01C02","1M"
"Br1702","4572348866_R01C01","1M"
"Br1223","4572348671_R01C01","1M"
"Br867","4572348521_R01C01","1M"
"Br1097","4572348891_R01C01","1M"
"Br1389","4572348357_R01C01","1M"
"Br1034","4572348357_R01C02","1M"
"Br1266","4572348434_R01C01","1M"
"Br1423","4572348434_R01C02","1M"
"Br1279","4572348328_R01C01","1M"
"Br1305","4572348328_R01C02","1M"
"Br1179","4572348673_R01C01","1M"
"Br1601","4572348673_R01C02","1M"
"Br1099","4572348520_R01C01","1M"
"Br1324","4572348425_R01C02","1M"
"Br949","4572348278_R01C01","1M"
"Br1054","4572348278_R01C02","1M"
"Br931","4572348380_R01C01","1M"
"Br872","4572348380_R01C02","1M"
"Br1303","4572348557_R01C01","1M"
"Br1197","4572348557_R01C02","1M"
"Br1374","4572348483_R01C01","1M"
"Br1630","4572348483_R01C02","1M"
"Br1053","4572348233_R01C01","1M"
"Br943","4572348233_R01C02","1M"
"Br1309","4572348320_R01C01","1M"
"Br1041","4572348320_R01C02","1M"
"Br989","4572348336_R01C01","1M"
"Br823","4572348336_R01C02","1M"
"Br1178","4572348455_R01C01","1M"
"Br1183","4572348455_R01C02","1M"
"Br856","4572348403_R01C01","1M"
"Br871","4572348403_R01C02","1M"
"Br1248","4572348556_R01C01","1M"
"Br1316","4572348556_R01C02","1M"
"Br1280","4572348382_R01C01","1M"
"Br1007","4572348382_R01C02","1M"
"Br1355","4572348595_R01C01","1M"
"Br854","4572348595_R01C02","1M"
"Br873","4572348358_R01C01","1M"
"Br831","4572348358_R01C02","1M"
"Br855","4572348330_R01C01","1M"
"Br1235","4572348330_R01C02","1M"
"Br1156","4572348338_R01C01","1M"
"Br1163","4572348338_R01C02","1M"
"Br884","4572348402_R01C01","1M"
"Br891","4572348402_R01C02","1M"
"Br1779","4572348870_R01C01","1M"
"Br1365","4572348870_R01C02","1M"
"Br1373","4572348801_R01C01","1M"
"Br885","4572348801_R01C02","1M"
"Br910","4572348821_R01C01","1M"
"Br1383","4572348821_R01C02","1M"
"Br1757","4572348851_R01C01","1M"
"Br1387","4572348851_R01C02","1M"
"Br1554","4572348878_R01C01","1M"
"Br1585","4572348878_R01C02","1M"
"Br1414","4572348854_R01C01","1M"
"Br1562","4572348854_R01C02","1M"
"Br1489","4572348805_R01C01","1M"
"Br1552","4572348805_R01C02","1M"
"Br1445","4572348804_R01C01","1M"
"Br1475","4572348804_R01C02","1M"
"Br1765","4572348802_R01C01","1M"
"Br1767","4572348802_R01C02","1M"
"Br1371","4572348845_R01C01","1M"
"Br1402","4572348845_R01C02","1M"
"Br1357","4572348847_R01C01","1M"
"Br1327","4572348847_R01C02","1M"
"Br1620","4572348803_R01C01","1M"
"Br1624","4572348803_R01C02","1M"
"Br1442","4572348800_R01C01","1M"
"Br1756","4572348800_R01C02","1M"
"Br1752","4572348846_R01C01","1M"
"Br1762","4572348846_R01C02","1M"
"Br1587","4572348850_R01C01","1M"
"Br1967","4572348850_R01C02","1M"
"Br1358","4572348871_R01C01","1M"
"Br1370","4572348871_R01C02","1M"
"Br1404","4572348063_R01C01","1M"
"Br1413","4572348063_R01C02","1M"
"Br1754","4572348442_R01C01","1M"
"Br1760","4572348442_R01C02","1M"
"Br1764","4572348475_R01C01","1M"
"Br1431","4572348475_R01C02","1M"
"Br1977","4572348476_R01C01","1M"
"Br1858","4572348476_R01C02","1M"
"Br1416","4572348608_R01C01","1M"
"Br1766","4572348608_R01C02","1M"
"Br1744","4572348701_R01C01","1M"
"Br1694","4572348701_R01C02","1M"
"Br1836","4572348702_R01C01","1M"
"Br1898","4572348702_R01C02","1M"
"Br1420","4572348703_R01C01","1M"
"Br1426","4572348703_R01C02","1M"
"Br1824","4572348740_R01C01","1M"
"Br1890","4572348740_R01C02","1M"
"Br1794","4572348741_R01C01","1M"
"Br1800","4572348741_R01C02","1M"
"Br909","4572348819_R01C01","1M"
"Br1040","4572348819_R01C02","1M"
"Br1395","4572348820_R01C01","1M"
"Br1403","4572348820_R01C02","1M"
"Br1331","4572348822_R01C01","1M"
"Br1458","4572348822_R01C02","1M"
"Br1459","4572348823_R01C01","1M"
"Br1504","4572348823_R01C02","1M"
"Br1236","4572348830_R01C01","1M"
"Br1400","4572348830_R01C02","1M"
"Br1061","4572348855_R01C01","1M"
"Br1109","4572348855_R01C02","1M"
"Br1686","4578969143_R01C01","1M"
"Br1436","4578969143_R01C02","1M"
"Br1290","4578977034_R01C01","1M"
"Br1533","4578977034_R01C02","1M"
"Br826","4578969111_R01C01","1M"
"Br993","4578969111_R01C02","1M"
"Br1824","4578977020_R01C01","1M"
"Br1685","4578977020_R01C02","1M"
"Br1873","4578977032_R01C01","1M"
"Br1167","4578977032_R01C02","1M"
"Br1654","4578977036_R01C01","1M"
"Br1691","4578977036_R01C02","1M"
"Br1331","4578969051_R01C01","1M"
"Br1306","4578969051_R01C02","1M"
"Br1405","4578977042_R01C01","1M"
"Br1504","4578977042_R01C02","1M"
"Br1448","4572348457_R01C01","1M"
"Br1573","4572348457_R01C02","1M"
"Br1470","4572348558_R01C01","1M"
"Br1635","4572348558_R01C02","1M"
"Br1430","4572348603_R01C01","1M"
"Br1546","4572348603_R01C02","1M"
"Br1450","4572348818_R01C01","1M"
"Br1454","4572348818_R01C02","1M"
"Br1637","4572348852_R01C01","1M"
"Br1715","4572348852_R01C02","1M"
"Br1514","4572348869_R01C01","1M"
"Br1656","4572348869_R01C02","1M"
"Br1746","4572348879_R01C01","1M"
"Br1484","4572348879_R01C02","1M"
"Br1675","4572348880_R01C01","1M"
"Br1716","4572348880_R01C02","1M"
"Br1041","4584656107_R01C01","1M"
"Br1060","4584656107_R01C02","1M"
"Br1142","4584664141_R01C01","1M"
"Br1143","4584664141_R01C02","1M"
"Br1178","4584664035_R01C01","1M"
"Br1179","4584664035_R01C02","1M"
"Br1225","4584664005_R01C01","1M"
"Br1235","4584664005_R01C02","1M"
"Br1340","4584664028_R01C01","1M"
"Br1350","4584664028_R01C02","1M"
"Br1357","4584656165_R01C01","1M"
"Br1384","4584656165_R01C02","1M"
"Br1442","4584656126_R01C01","1M"
"Br1536","4584656126_R01C02","1M"
"Br1383","4584664006_R01C01","1M"
"Br1458","4584664006_R01C02","1M"
"Br1526","4578942040_R01C01","1M"
"Br1610","4578942040_R01C02","1M"
"Br1576","4578969081_R01C01","1M"
"Br1590","4578969081_R01C02","1M"
"Br1751","4578969123_R01C01","1M"
"Br1253","4578969123_R01C02","1M"
"Br869","4578969139_R01C01","1M"
"Br1339","4578969139_R01C02","1M"
"Br1738","4578969141_R01C01","1M"
"Br1740","4578969141_R01C02","1M"
"Br1843","4578969148_R01C01","1M"
"Br921","4578969148_R01C02","1M"
"Br1667","4578969151_R01C01","1M"
"Br888","4578969151_R01C02","1M"
"Br1507","4578969153_R01C01","1M"
"Br1538","4578969153_R01C02","1M"
"Br983","4578969154_R01C01","1M"
"Br1479","4578969154_R01C02","1M"
"Br1415","4578977063_R01C01","1M"
"Br1269","4578977063_R01C02","1M"
"Br1663","4578977076_R01C01","1M"
"Br1729","4578977076_R01C02","1M"
"Br1016","4578977077_R01C01","1M"
"Br1050","4578977077_R01C02","1M"
"Br1447","4578977078_R01C01","1M"
"Br1503","4578977078_R01C02","1M"
"Br1840","4578977093_R01C01","1M"
"Br1418","4578977115_R01C01","1M"
"Br1419","4578977115_R01C02","1M"
"Br1298","4578977116_R01C01","1M"
"Br1399","4578977116_R01C02","1M"
"Br1051","4578977093_R01C02","1M"
"Br1578","4562457033_R01C01","1M"
"Br1591","4562457033_R01C02","1M"
"Br1025","4572348538_R01C01","1M"
"Br1081","4572348538_R01C02","1M"
"Br1283","4572348602_R01C01","1M"
"Br1321","4572348602_R01C02","1M"
"Br1417","4572348853_R01C01","1M"
"Br1487","4572348853_R01C02","1M"
"Br1529","4572348856_R01C01","1M"
"Br938","4572348856_R01C02","1M"
"Br1665","4578942138_R01C01","1M"
"Br1509","4578942138_R01C02","1M"
"Br1056","4578951090_R01C01","1M"
"Br1884","4578951090_R01C02","1M"
"Br1605","4578951098_R01C01","1M"
"Br1703","4578951098_R01C02","1M"
"Br1883","4578951106_R01C01","1M"
"Br1836","4578951106_R01C02","1M"
"Br1905","4578951108_R01C01","1M"
"Br858","4578951108_R01C02","1M"
"Br1678","4578951114_R01C01","1M"
"Br1722","4578951114_R01C02","1M"
"Br1682","4578951128_R01C01","1M"
"Br1745","4578951128_R01C02","1M"
"Br1434","4578969013_R01C01","1M"
"Br1651","4578969013_R01C02","1M"
"Br963","4578969017_R01C01","1M"
"Br1021","4578969017_R01C02","1M"
"Br1245","4578969019_R01C01","1M"
"Br1842","4578969019_R01C02","1M"
"Br1676","4578969043_R01C01","1M"
"Br1461","4578969043_R01C02","1M"
"Br1093","4578969056_R01C01","1M"
"Br1139","4578969056_R01C02","1M"
"Br1030","4578969057_R01C01","1M"
"Br1067","4578969057_R01C02","1M"
"Br1908","4578977010_R01C01","1M"
"Br1918","4578977010_R01C02","1M"
"Br1579","4578977011_R01C01","1M"
"Br1664","4578977011_R01C02","1M"
"Br1499","4578977165_R01C01","1M"
"Br1595","4578977165_R01C02","1M"
"Br1441","4584656023_R01C01","1M"
"Br1453","4584656023_R01C02","1M"
"Br1320","4584656024_R01C01","1M"
"Br1326","4584656024_R01C02","1M"
"Br1425","4584656109_R01C01","1M"
"Br1427","4584656109_R01C02","1M"
"Br2137","5421787305_R01C02","1M"
"Br2144","5421787205_R01C01","1M"
"Br2146","5421787241_R01C01","1M"
"Br2148","5421787205_R01C02","1M"
"Br2154","5421787138_R01C01","1M"
"Br2156","5421787241_R01C02","1M"
"Br2159","5421787243_R01C02","1M"
"Br2160","5421787305_R01C01","1M"
"Br2161","5421787243_R01C01","1M"
"Br2166","5421787392_R01C02","1M"
"Br2170","5421787375_R01C02","1M"
"Br2176","5421787138_R01C02","1M"
"Br2178","5421787172_R01C01","1M"
"Br2183","5421787172_R01C02","1M"
"Br2184","5421787375_R01C01","1M"
"Br2185","5421787392_R01C01","1M"
"Br2186","5421787313_R01C01","1M"
"Br2187","5421787315_R01C02","1M"
"Br2192","5421787313_R01C02","1M"
"Br2194","5421787369_R01C01","1M"
"Br2196","5421787343_R01C01","1M"
"Br2197","5421787086_R01C01","1M"
"Br2200","5421787369_R01C02","1M"
"Br2201","5421787086_R01C02","1M"
"Br2204","5421787329_R01C01","1M"
"Br2207","5421787343_R01C02","1M"
"Br2209","5421787315_R01C01","1M"
"Br2211","5421787329_R01C02","1M"
"Br2212","5421787102_R01C02","1M"
"Br2214","5421787130_R01C01","1M"
"Br2223","5421787102_R01C01","1M"
"Br2225","5421787130_R01C02","1M"
"Br763","5421787160_R01C02","1M"
"Br978","4584656093_R01C01","1M"
"Br1084","5421787145_R01C01","1M"
"Br1189","5421787145_R01C02","1M"
"Br1203","5421787087_R01C02","1M"
"Br1265","5421787251_R01C01","1M"
"Br1315","5421787095_R01C02","1M"
"Br1455","5421787155_R01C01","1M"
"Br1485","5421787155_R01C02","1M"
"Br1492","5421787251_R01C02","1M"
"Br1497","5421787095_R01C01","1M"
"Br1498","5421787073_R01C01","1M"
"Br1505","5421787075_R01C01","1M"
"Br1527","5421787075_R01C02","1M"
"Br1580","5421787257_R01C01","1M"
"Br1588","5421787073_R01C02","1M"
"Br1594","5421787071_R01C01","1M"
"Br1602","5421787087_R01C01","1M"
"Br1646","5421787257_R01C02","1M"
"Br1648","5421787177_R01C01","1M"
"Br1672","5421787177_R01C02","1M"
"Br1684","5421787069_R01C02","1M"
"Br1690","5421787153_R01C01","1M"
"Br1693","5421787153_R01C02","1M"
"Br1700","5421787069_R01C01","1M"
"Br1721","5421787071_R01C02","1M"
"Br1912","5421787249_R01C02","1M"
"Br1923","5421787194_R01C01","1M"
"Br1941","5421787191_R01C01","1M"
"Br1946","5421787070_R01C01","1M"
"Br1958","5421787070_R01C02","1M"
"Br1974","4584656092_R01C02","1M"
"Br1979","5421787191_R01C02","1M"
"Br1981","4584656022_R01C01","1M"
"Br1985","4584656022_R01C02","1M"
"Br1988","5421787064_R01C01","1M"
"Br1989","5421787064_R01C02","1M"
"Br1994","5421787238_R01C01","1M"
"Br1995","4584656093_R01C02","1M"
"Br2002","4584656092_R01C01","1M"
"Br2020","5421787238_R01C02","1M"
"Br2038","5421787084_R01C01","1M"
"Br2090","5421787401_R01C02","1M"
"Br2091","5421787405_R01C01","1M"
"Br2092","5421787400_R01C01","1M"
"Br2094","5421787400_R01C02","1M"
"Br2097","5421787194_R01C02","1M"
"Br2098","5421787301_R01C02","1M"
"Br2099","5421787094_R01C01","1M"
"Br2102","5421787301_R01C01","1M"
"Br2104","5421787094_R01C02","1M"
"Br2107","5421787401_R01C01","1M"
"Br2133","5421787118_R01C02","1M"
"Br2151","5421787405_R01C02","1M"
"Br2158","5421787402_R01C01","1M"
"Br2163","5421787402_R01C02","1M"
"Br2173","5421787268_R01C02","1M"
"Br2177","5421787268_R01C01","1M"
"Br2210","5421787249_R01C01","1M"
"Br2213","5421787089_R01C02","1M"
"Br2216","4584656050_R01C02","1M"
"Br2219","5421787072_R01C01","1M"
"Br2221","5421787388_R01C01","1M"
"Br2226","5421787388_R01C02","1M"
"Br2227","4584656050_R01C01","1M"
"Br2228","5421787072_R01C02","1M"
"Br2229","5421787151_R01C01","1M"
"Br2231","5421787151_R01C02","1M"
"Br2233","5421787089_R01C01","1M"
"Br2236","5421787118_R01C01","1M"
"Br2242","5421787084_R01C02","1M"
"Br2261","5421787160_R01C01","1M"
"Br2181","5511192045_R01C01","1M"
"Br2174","5511192045_R01C02","1M"
"Br2203","5511192073_R01C01","1M"
"Br2208","5511192073_R01C02","1M"
"Br2162","5511192115_R01C01","1M"
"Br2171","5511192115_R01C02","1M"
"Br2164","5511192117_R01C01","1M"
"Br2165","5511192117_R01C02","1M"
"Br2182","5511192130_R01C01","1M"
"Br2191","5511192130_R01C02","1M"
"Br2168","5511192131_R01C01","1M"
"Br2180","5511192131_R01C02","1M"
"Br2198","5511192132_R01C01","1M"
"Br2202","5511192132_R01C02","1M"
"Br2189","5511205003_R01C01","1M"
"Br2195","5511205003_R01C02","1M"
"Br2143","5532971056_R01C01","1M"
"Br2145","5532971056_R01C02","1M"
"Br2167","5532971067_R01C01","1M"
"Br2169","5532971067_R01C02","1M"
"Br2150","5532971082_R01C01","1M"
"Br2155","5532971082_R01C02","1M"
"Br2112","5532971088_R01C01","1M"
"Br2136","5532971088_R01C02","1M"
"Br2140","5532971094_R01C01","1M"
"Br2141","5532971094_R01C02","1M"
"Br2147","5532971095_R01C01","1M"
"Br2149","5532971095_R01C02","1M"
"Br2152","5532971116_R01C01","1M"
"Br2139","5532971116_R01C02","1M"
"Br2157","5532971117_R01C01","1M"
"Br2142","5532971117_R01C02","1M"
"Br2235","5532997168_R01C01","1M"
"Br2123","5532997168_R01C02","1M"
"Br2199","5533009018_R01C01","1M"
"Br2205","5533009018_R01C02","1M"
"Br2179","5533009029_R01C01","1M"
"Br1785","5533009029_R01C02","1M"
"Br2220","5533009059_R01C01","1M"
"Br2232","5533009059_R01C02","1M"
"Br2218","5533009060_R01C01","1M"
"Br2237","5533009060_R01C02","1M"
"Br2217","5533009064_R01C01","1M"
"Br2224","5533009064_R01C02","1M"
"Br2190","5533009066_R01C01","1M"
"Br2193","5533009066_R01C02","1M"
"Br2234","5533009080_R01C01","1M"
"Br2215","5533009080_R01C02","1M"
"Br1909","5511192062_R01C01","1M"
"Br1987","5511192062_R01C02","1M"
"Br2005","5511192104_R01C01","1M"
"Br1973","5511192104_R01C02","1M"
"Br2003","5511192105_R01C01","1M"
"Br1911","5511192105_R01C02","1M"
"Br1998","5511192119_R01C01","1M"
"Br1901","5511192119_R01C02","1M"
"Br1900","5511192140_R01C01","1M"
"Br2047","5511192140_R01C02","1M"
"Br2048","5511192141_R01C01","1M"
"Br2050","5511192141_R01C02","1M"
"Br1980","5511192158_R01C01","1M"
"Br1920","5511192158_R01C02","1M"
"Br2036","5511205011_R01C01","1M"
"Br1960","5511205011_R01C02","1M"
"Br2131","5532962025_R01C01","1M"
"Br2132","5532962025_R01C02","1M"
"Br2117","5532962040_R01C01","1M"
"Br2130","5532962040_R01C02","1M"
"Br2127","5532962041_R01C01","1M"
"Br2128","5532962041_R01C02","1M"
"Br2129","5532962064_R01C01","1M"
"Br2114","5532962064_R01C02","1M"
"Br2230","5532962095_R01C01","1M"
"Br2116","5532962095_R01C02","1M"
"Br2115","5532962101_R01C01","1M"
"Br2119","5532962101_R01C02","1M"
"Br2125","5532962142_R01C01","1M"
"Br2126","5532962142_R01C02","1M"
"Br2122","5532962167_R01C01","1M"
"Br2124","5532962167_R01C02","1M"
"Br2110","5533017017_R01C01","1M"
"Br2088","5533017017_R01C02","1M"
"Br2108","5533017018_R01C01","1M"
"Br2111","5533017018_R01C02","1M"
"Br1936","5533017019_R01C01","1M"
"Br2087","5533017019_R01C02","1M"
"Br2089","5533017021_R01C01","1M"
"Br2103","5533017021_R01C02","1M"
"Br2093","5533017026_R01C01","1M"
"Br2106","5533017026_R01C02","1M"
"Br2101","5533017073_R01C01","1M"
"Br2105","5533017073_R01C02","1M"
"Br2109","5533017075_R01C01","1M"
"Br2095","5533017075_R01C02","1M"
"Br2118","5533017086_R01C01","1M"
"Br2120","5533017086_R01C02","1M"
"Br2251","5535522073_R01C01","1M"
"Br2252","5535522073_R01C02","1M"
"Br2247","5535522076_R01C01","1M"
"Br2248","5535522076_R01C02","1M"
"Br2253","5535522078_R01C01","1M"
"Br2254","5535522078_R01C02","1M"
"Br2318","5535522103_R01C01","1M"
"Br2319","5535522103_R01C02","1M"
"Br2060","5535522118_R01C01","1M"
"Br2063","5535522118_R01C02","1M"
"Br1948","5535522119_R01C01","1M"
"Br2074","5535522119_R01C02","1M"
"Br2292","5535522132_R01C01","1M"
"Br2307","5535522132_R01C02","1M"
"Br2080","5535522139_R01C01","1M"
"Br2083","5535522139_R01C02","1M"
"Br2249","5535522144_R01C01","1M"
"Br2250","5535522144_R01C02","1M"
"Br2015","5535549007_R01C01","1M"
"Br2026","5535549007_R01C02","1M"
"Br2053","5535549008_R01C01","1M"
"Br1983","5535549009_R01C01","1M"
"Br1984","5535549009_R01C02","1M"
"Br1919","5535549008_R01C02","1M"
"Br2076","5535549016_R01C01","1M"
"Br1937","5535549016_R01C02","1M"
"Br1947","5535549017_R01C01","1M"
"Br1969","5535549017_R01C02","1M"
"Br2046","5535549018_R01C01","1M"
"Br2064","5535549018_R01C02","1M"
"Br2255","5535549039_R01C01","1M"
"Br2256","5535549039_R01C02","1M"
"Br2258","5535549047_R01C01","1M"
"Br2317","5535549047_R01C02","1M"
"Br2363","5535549048_R01C01","1M"
"Br1396","5535549048_R01C02","1M"
"Br1991","5535549049_R01C01","1M"
"Br2000","5535549049_R01C02","1M"
"Br2014","5535549057_R01C01","1M"
"Br2022","5535549057_R01C02","1M"
"Br1940","5535549067_R01C01","1M"
"Br2044","5535549067_R01C02","1M"
"Br1938","5535549068_R01C01","1M"
"Br1943","5535549068_R01C02","1M"
"Br2084","5535549082_R01C01","1M"
"Br2239","5535549082_R01C02","1M"
"Br899","5535549083_R01C01","1M"
"Br1296","5535549083_R01C02","1M"
"Br1827","5535522075_R01C01","1M"
"Br1897","5535522075_R01C02","1M"
"Br2049","5535522079_R01C01","1M"
"Br1978","5535522079_R01C02","1M"
"Br1887","5535522080_R01C01","1M"
"Br1483","5535522080_R01C02","1M"
"Br1835","5535522081_R01C01","1M"
"Br1770","5535522081_R01C02","1M"
"Br1820","5535522091_R01C01","1M"
"Br1838","5535522091_R01C02","1M"
"Br1513","5535522093_R01C01","1M"
"Br1930","5535522093_R01C02","1M"
"Br1535","5535522112_R01C01","1M"
"Br1017","5535522112_R01C02","1M"
"Br1832","5535522113_R01C01","1M"
"Br1892","5535522113_R01C02","1M"
"Br1895","5535522116_R01C01","1M"
"Br2096","5535522116_R01C02","1M"
"Br1724","5535522142_R01C01","1M"
"Br970","5535522142_R01C02","1M"
"Br1831","5535522143_R01C01","1M"
"Br1775","5535522143_R01C02","1M"
"Br2113","5535522151_R01C01","1M"
"Br2121","5535522151_R01C02","1M"
"Br2172","5535522153_R01C01","1M"
"Br2206","5535522153_R01C02","1M"
"Br1818","5535522157_R01C01","1M"
"Br1829","5535522157_R01C02","1M"
"Br1774","5535522158_R01C01","1M"
"Br1821","5535522158_R01C02","1M"
"Br1927","5535522164_R01C01","1M"
"Br1776","5535522164_R01C02","1M"
"Br1763","5535522165_R01C01","1M"
"Br1896","5535522165_R01C02","1M"
"Br2153","5535549010_R01C01","1M"
"Br2175","5535549010_R01C02","1M"
"Br2188","5535549031_R01C01","1M"
"Br2222","5535549031_R01C02","1M"
"Br2100","5535549033_R01C01","1M"
"Br2135","5535549033_R01C02","1M"
"Br1748","5535549037_R01C01","1M"
"Br1658","5535549037_R01C02","1M"
"Br1064","5535549038_R01C01","1M"
"Br1723","5535549038_R01C02","1M"
"Br1903","5535549070_R01C01","1M"
"Br1910","5535549070_R01C02","1M"
"Br2134","5535549071_R01C01","1M"
"Br2138","5535549071_R01C02","1M"
"Br942","5535506126_R01C01","1M"
"Br1793","5535506126_R01C02","1M"
"Br1441","5535506158_R01C01","1M"
"Br1417","5535506158_R01C02","1M"
"Br1709","5535522021_R01C01","1M"
"Br1713","5535522021_R01C02","1M"
"Br1541","5535522097_R01C01","1M"
"Br1921","5535522097_R01C02","1M"
"Br1676","5535522098_R01C01","1M"
"Br1688","5535522098_R01C02","1M"
"Br1992","5535522104_R01C01","1M"
"Br2009","5535522104_R01C02","1M"
"Br2266","5535522105_R01C01","1M"
"Br2267","5535522105_R01C02","1M"
"Br1916","5535522108_R01C01","1M"
"Br2173","5535522108_R01C02","1M"
"Br1810","5535522133_R01C01","1M"
"Br1783","5535522133_R01C02","1M"
"Br1520","5535522136_R01C01","1M"
"Br1681","5535522136_R01C02","1M"
"Br1719","5535522138_R01C01","1M"
"Br1725","5535522138_R01C02","1M"
"Br1619","5535522147_R01C01","1M"
"Br1734","5535522147_R01C02","1M"
"Br1732","5535522149_R01C01","1M"
"Br1749","5535522149_R01C02","1M"
"Br1659","5535522150_R01C01","1M"
"Br1699","5535522150_R01C02","1M"
"Br1434","5535522163_R01C01","1M"
"Br1448","5535522163_R01C02","1M"
"Br1353","5535549019_R01C01","1M"
"Br1511","5535549019_R01C02","1M"
"Br1508","5535549026_R01C01","1M"
"Br1559","5535549026_R01C02","1M"
"Br1582","5535549027_R01C01","1M"
"Br1584","5535549027_R01C02","1M"
"Br1661","5535549034_R01C01","1M"
"Br1728","5535549034_R01C02","1M"
"Br1551","5535549036_R01C01","1M"
"Br1530","5535549036_R01C02","1M"
"Br1652","5535549043_R01C01","1M"
"Br1698","5535549043_R01C02","1M"
"Br1600","5535549051_R01C01","1M"
"Br1634","5535549051_R01C02","1M"
"Br1470","5535549058_R01C01","1M"
"Br1027","5535549058_R01C02","1M"
"Br1683","5535549060_R01C01","1M"
"Br1701","5535549060_R01C02","1M"
"Br922","5535549012_R01C01","1M"
"Br1271","5535522167_R01C02","1M"
"Br1350","5535522115_R01C02","1M"
"Br1591","5535522115_R01C01","1M"
"Br1796","5535522167_R01C01","1M"
"Br1963","5535549012_R01C02","1M"
"Br2056","5535522152_R01C01","1M"
"Br2065","5535522152_R01C02","1M"
"Br2285","5535506145_R01C01","1M"
"Br2288","5535506145_R01C02","1M"
"Br2392","5535522117_R01C01","1M"
"Br2401","5535522117_R01C02","1M"
"Br2035","5535522120_R01C01","1M"
"Br2042","5535522120_R01C02","1M"
"Br2410","5535522127_R01C01","1M"
"Br2402","5535522127_R01C02","1M"
"Br2416","5535522129_R01C01","1M"
"Br2415","5535522129_R01C02","1M"
"Br2263","5535522135_R01C01","1M"
"Br2269","5535522135_R01C02","1M"
"Br2406","5535522154_R01C01","1M"
"Br2395","5535522154_R01C02","1M"
"Br2413","5535522166_R01C01","1M"
"Br1769","5535522166_R01C02","1M"
"Br2408","5535522168_R01C01","1M"
"Br2411","5535522168_R01C02","1M"
"Br2403","5535549002_R01C01","1M"
"Br2397","5535549002_R01C02","1M"
"Br1931","5535549032_R01C01","1M"
"Br2398","5535549032_R01C02","1M"
"Br2412","5535549044_R01C01","1M"
"Br2414","5535549044_R01C02","1M"
"Br2396","5535549052_R01C01","1M"
"Br2394","5535549052_R01C02","1M"
"Br1411","5535549053_R01C01","1M"
"Br2057","5535549053_R01C02","1M"
"Br2271","5535549054_R01C01","1M"
"Br2276","5535549054_R01C02","1M"
"Br1328","5535549069_R01C01","1M"
"Br2013","5535549069_R01C02","1M"
"Br2381","5535549072_R01C01","1M"
"Br2400","5535549072_R01C02","1M"
"Br2383","5535549073_R01C01","1M"
"Br1655","5535549073_R01C02","1M"
"Br2399","5535549074_R01C01","1M"
"Br2380","5535549074_R01C02","1M"
"Br2409","5535549075_R01C01","1M"
"Br2407","5535549075_R01C02","1M"
"Br1493","6051001010_R01C01","1M"
"Br1825","6051001010_R01C02","1M"
"Br1692","6051001006_R01C01","1M"
"Br1759","6051001006_R01C02","1M"
"Br1429","6051001017_R01C01","1M"
"Br1147","6051001017_R01C02","1M"
"Br2238","6051001032_R01C01","1M"
"Br2257","6051001032_R01C02","1M"
"Br2382","6051001005_R01C01","1M"
"Br1282","6051001005_R01C02","1M"
"Br1815","6051001011_R01C01","1M"
"Br1824","6051001011_R01C02","1M"
"Br1979","6051001008_R01C01","1M"
"Br1728","6051001008_R01C02","1M"
"Br1464","6051001030_R01C01","1M"
"Br1707","6051001030_R01C02","1M"
"Br1653","6017049081_R01C01","1M"
"Br1652","6017049081_R01C02","1M"
"Br1823","6017049073_R01C01","1M"
"Br1696","6017049073_R01C02","1M"
"Br2449","6017049074_R01C01","1M"
"Br1799","6017049074_R01C02","1M"
"Br1280","6051001028_R01C01","1M"
"Br1732","6051001028_R01C02","1M"
"Br2362","6017049079_R01C01","1M"
"Br1201","6017049079_R01C02","1M"
"Br1462","6051001029_R01C01","1M"
"Br1985","6051001029_R01C02","1M"
"Br2050","6051001027_R01C01","1M"
"Br2357","6051001027_R01C02","1M"
"Br2360","6017049080_R01C01","1M"
"Br2361","6017049080_R01C02","1M"
"Br5158","3998646085_R01C01","2-5-8-v1-1"
"Br5166","3998646085_R02C01","2-5-8-v1-1"
"Br5097","3998646085_R03C01","2-5-8-v1-1"
"Br5119","3998646085_R04C01","2-5-8-v1-1"
"Br2355","3998646085_R05C01","2-5-8-v1-1"
"Br2379","3998646085_R06C01","2-5-8-v1-1"
"Br2444","3998646085_R07C01","2-5-8-v1-1"
"Br2452","3998646085_R08C01","2-5-8-v1-1"
"Br2489","3998646086_R01C01","2-5-8-v1-1"
"Br2427","3998646086_R02C01","2-5-8-v1-1"
"Br2469","3998646086_R03C01","2-5-8-v1-1"
"Br2520","3998646086_R04C01","2-5-8-v1-1"
"Br2294","3998646086_R05C01","2-5-8-v1-1"
"Br2309","3998646086_R06C01","2-5-8-v1-1"
"Br2315","3998646086_R07C01","2-5-8-v1-1"
"Br2311","3998646086_R08C01","2-5-8-v1-1"
"Br5090","3998646119_R01C01","2-5-8-v1-1"
"Br2078","3998646119_R02C01","2-5-8-v1-1"
"Br2272","3998646119_R03C01","2-5-8-v1-1"
"Br2448","3998646119_R05C01","2-5-8-v1-1"
"Br2498","3998646119_R06C01","2-5-8-v1-1"
"Br2502","3998646119_R07C01","2-5-8-v1-1"
"Br2503","3998646119_R08C01","2-5-8-v1-1"
"Br2504","3998646120_R01C01","2-5-8-v1-1"
"Br2505","3998646120_R02C01","2-5-8-v1-1"
"Br2312","3998646120_R03C01","2-5-8-v1-1"
"Br2598","3998646120_R05C01","2-5-8-v1-1"
"Br2324","3998646120_R06C01","2-5-8-v1-1"
"Br2500","3998646120_R07C01","2-5-8-v1-1"
"Br1928","3998646120_R08C01","2-5-8-v1-1"
"Br5001","3998646147_R01C01","2-5-8-v1-1"
"Br5002","3998646147_R02C01","2-5-8-v1-1"
"Br5003","3998646147_R03C01","2-5-8-v1-1"
"Br5007","3998646147_R04C01","2-5-8-v1-1"
"Br5008","3998646147_R05C01","2-5-8-v1-1"
"Br5006","3998646147_R06C01","2-5-8-v1-1"
"Br5013","3998646147_R07C01","2-5-8-v1-1"
"Br5009","3998646147_R08C01","2-5-8-v1-1"
"Br5010","3998646158_R01C01","2-5-8-v1-1"
"Br5025","3998646158_R02C01","2-5-8-v1-1"
"Br5018","3998646158_R03C01","2-5-8-v1-1"
"Br5149","3998646158_R04C01","2-5-8-v1-1"
"Br5136","3998646158_R05C01","2-5-8-v1-1"
"Br5140","3998646158_R06C01","2-5-8-v1-1"
"Br5137","3998646158_R07C01","2-5-8-v1-1"
"Br5139","3998646158_R08C01","2-5-8-v1-1"
"Br5142","3998646009_R01C01","2-5-8-v1-1"
"Br5156","3998646009_R02C01","2-5-8-v1-1"
"Br5157","3998646009_R03C01","2-5-8-v1-1"
"Br5148","3998646009_R04C01","2-5-8-v1-1"
"Br5162","3998646009_R05C01","2-5-8-v1-1"
"Br5073","3998646009_R06C01","2-5-8-v1-1"
"Br5060","3998646009_R07C01","2-5-8-v1-1"
"Br5163","3998646009_R08C01","2-5-8-v1-1"
"Br5056","3998646012_R01C01","2-5-8-v1-1"
"Br5172","3998646012_R02C01","2-5-8-v1-1"
"Br5173","3998646012_R03C01","2-5-8-v1-1"
"Br5176","3998646012_R04C01","2-5-8-v1-1"
"Br5177","3998646012_R05C01","2-5-8-v1-1"
"Br5179","3998646012_R06C01","2-5-8-v1-1"
"Br5181","3998646012_R07C01","2-5-8-v1-1"
"Br5191","3998646012_R08C01","2-5-8-v1-1"
"Br5199","3998646112_R01C01","2-5-8-v1-1"
"Br5204","3998646112_R02C01","2-5-8-v1-1"
"Br5206","3998646112_R03C01","2-5-8-v1-1"
"Br5211","3998646112_R05C01","2-5-8-v1-1"
"Br5214","3998646112_R06C01","2-5-8-v1-1"
"Br5216","3998646112_R07C01","2-5-8-v1-1"
"Br5217","3998646112_R08C01","2-5-8-v1-1"
"Br5224","3998646114_R01C01","2-5-8-v1-1"
"Br5226","3998646114_R02C01","2-5-8-v1-1"
"Br5230","3998646114_R03C01","2-5-8-v1-1"
"Br5234","3998646114_R04C01","2-5-8-v1-1"
"Br5236","3998646114_R05C01","2-5-8-v1-1"
"Br5248","3998646114_R06C01","2-5-8-v1-1"
"Br5251","3998646114_R07C01","2-5-8-v1-1"
"Br5252","3998646114_R08C01","2-5-8-v1-1"
"Br5254","3998646122_R01C01","2-5-8-v1-1"
"Br5261","3998646122_R02C01","2-5-8-v1-1"
"Br5263","3998646122_R03C01","2-5-8-v1-1"
"Br5264","3998646122_R04C01","2-5-8-v1-1"
"Br5275","3998646122_R05C01","2-5-8-v1-1"
"Br5289","3998646122_R06C01","2-5-8-v1-1"
"Br2297","3998646122_R07C01","2-5-8-v1-1"
"Br2328","3998646122_R08C01","2-5-8-v1-1"
"Br1924","3998646136_R01C01","2-5-8-v1-1"
"Br2364","3998646136_R02C01","2-5-8-v1-1"
"Br2477","3998646136_R03C01","2-5-8-v1-1"
"Br2443","3998646136_R04C01","2-5-8-v1-1"
"Br2404","3998646136_R05C01","2-5-8-v1-1"
"Br2368","3998646136_R06C01","2-5-8-v1-1"
"Br2058","3998646136_R07C01","2-5-8-v1-1"
"Br2586","3998646136_R08C01","2-5-8-v1-1"
"Br2585","3998646007_R01C01","2-5-8-v1-1"
"Br2565","3998646007_R02C01","2-5-8-v1-1"
"Br2561","3998646007_R03C01","2-5-8-v1-1"
"Br2515","3998646007_R04C01","2-5-8-v1-1"
"Br5101","3998646007_R05C01","2-5-8-v1-1"
"Br5113","3998646007_R06C01","2-5-8-v1-1"
"Br5082","3998646007_R07C01","2-5-8-v1-1"
"Br2517","3998646007_R08C01","2-5-8-v1-1"
"Br2507","3998646010_R01C01","2-5-8-v1-1"
"Br5084","3998646010_R02C01","2-5-8-v1-1"
"Br2483","3998646010_R03C01","2-5-8-v1-1"
"Br2514","3998646010_R04C01","2-5-8-v1-1"
"Br5347","3998646010_R05C01","2-5-8-v1-1"
"Br5305","3998646010_R06C01","2-5-8-v1-1"
"Br5300","3998646010_R07C01","2-5-8-v1-1"
"Br5325","3998646010_R08C01","2-5-8-v1-1"
"Br5372","3998646018_R01C01","2-5-8-v1-1"
"Br5374","3998646018_R02C01","2-5-8-v1-1"
"Br5321","3998646018_R03C01","2-5-8-v1-1"
"Br5373","3998646018_R04C01","2-5-8-v1-1"
"Br5426","3998646018_R05C01","2-5-8-v1-1"
"Br5315","3998646018_R06C01","2-5-8-v1-1"
"Br5422","3998646018_R07C01","2-5-8-v1-1"
"Br5316","3998646018_R08C01","2-5-8-v1-1"
"Br5386","3998646026_R01C01","2-5-8-v1-1"
"Br5393","3998646026_R02C01","2-5-8-v1-1"
"Br5391","3998646026_R03C01","2-5-8-v1-1"
"Br5392","3998646026_R04C01","2-5-8-v1-1"
"Br5398","3998646026_R05C01","2-5-8-v1-1"
"Br5410","3998646026_R06C01","2-5-8-v1-1"
"Br2071","3998646026_R07C01","2-5-8-v1-1"
"Br5282","3998646026_R08C01","2-5-8-v1-1"
"Br5288","3998646039_R01C01","2-5-8-v1-1"
"Br5318","3998646039_R02C01","2-5-8-v1-1"
"Br5446","3998646039_R03C01","2-5-8-v1-1"
"Br5319","3998646039_R04C01","2-5-8-v1-1"
"Br5331","3998646039_R05C01","2-5-8-v1-1"
"Br5359","3998646039_R06C01","2-5-8-v1-1"
"Br5467","3998646039_R07C01","2-5-8-v1-1"
"Br5076","3998646039_R08C01","2-5-8-v1-1"
"Br5123","3998646040_R01C01","2-5-8-v1-1"
"Br2387","3998646040_R02C01","2-5-8-v1-1"
"Br5059","3998646040_R03C01","2-5-8-v1-1"
"Br5058","3998646040_R04C01","2-5-8-v1-1"
"Br5187","3998646040_R05C01","2-5-8-v1-1"
"Br5190","3998646040_R06C01","2-5-8-v1-1"
"Br5207","3998646040_R07C01","2-5-8-v1-1"
"Br5219","3998646040_R08C01","2-5-8-v1-1"
"Br5220","3998646041_R01C01","2-5-8-v1-1"
"Br5222","3998646041_R02C01","2-5-8-v1-1"
"Br5243","3998646041_R03C01","2-5-8-v1-1"
"Br5253","3998646041_R04C01","2-5-8-v1-1"
"Br5265","3998646041_R05C01","2-5-8-v1-1"
"Br5274","3998646041_R06C01","2-5-8-v1-1"
"Br5277","3998646041_R07C01","2-5-8-v1-1"
"Br5279","3998646041_R08C01","2-5-8-v1-1"
"Br5281","3998646044_R01C01","2-5-8-v1-1"
"Br5284","3998646044_R02C01","2-5-8-v1-1"
"Br5293","3998646044_R03C01","2-5-8-v1-1"
"Br5310","3998646044_R04C01","2-5-8-v1-1"
"Br5411","3998646044_R05C01","2-5-8-v1-1"
"Br5355","3998646044_R06C01","2-5-8-v1-1"
"Br5304","3998646044_R07C01","2-5-8-v1-1"
"Br5311","3998646044_R08C01","2-5-8-v1-1"
"Br5336","3998646055_R01C01","2-5-8-v1-1"
"Br5481","3998646055_R02C01","2-5-8-v1-1"
"Br5329","3998646055_R03C01","2-5-8-v1-1"
"Br5515","3998646055_R04C01","2-5-8-v1-1"
"Br5322","3998646055_R05C01","2-5-8-v1-1"
"Br5366","3998646055_R06C01","2-5-8-v1-1"
"Br5362","3998646055_R07C01","2-5-8-v1-1"
"Br5421","3998646055_R08C01","2-5-8-v1-1"
"Br5401","3998646065_R01C01","2-5-8-v1-1"
"Br5439","3998646065_R02C01","2-5-8-v1-1"
"Br5365","3998646065_R03C01","2-5-8-v1-1"
"Br5328","3998646065_R04C01","2-5-8-v1-1"
"Br5333","3998646065_R05C01","2-5-8-v1-1"
"Br5335","3998646065_R06C01","2-5-8-v1-1"
"Br5437","3998646065_R07C01","2-5-8-v1-1"
"Br5447","3998646065_R08C01","2-5-8-v1-1"
"Br5345","3998646070_R02C01","2-5-8-v1-1"
"Br5225","3998646070_R03C01","2-5-8-v1-1"
"Br5249","3998646070_R04C01","2-5-8-v1-1"
"Br2530","9964045139_R01C01","2-5-8-v1-1"
"Br5643","9964045139_R02C01","2-5-8-v1-1"
"Br5565","9964045139_R03C01","2-5-8-v1-1"
"Br5870","9964045139_R04C01","2-5-8-v1-1"
"Br5441","9964045139_R05C01","2-5-8-v1-1"
"Br5703","9964045139_R06C01","2-5-8-v1-1"
"Br5814","9964045139_R07C01","2-5-8-v1-1"
"Br5878","9964045139_R08C01","2-5-8-v1-1"
"Br5451","9964045140_R01C01","2-5-8-v1-1"
"Br5710","9964045140_R02C01","2-5-8-v1-1"
"Br5819","9964045140_R03C01","2-5-8-v1-1"
"Br5884","9964045140_R04C01","2-5-8-v1-1"
"Br5538","9964045140_R05C01","2-5-8-v1-1"
"Br5726","9964045140_R06C01","2-5-8-v1-1"
"Br5822","9964045140_R07C01","2-5-8-v1-1"
"Br5885","9964045140_R08C01","2-5-8-v1-1"
"Br5543","9964045141_R01C01","2-5-8-v1-1"
"Br5787","9964045141_R02C01","2-5-8-v1-1"
"Br5825","9964045141_R03C01","2-5-8-v1-1"
"Br5925","9964045141_R04C01","2-5-8-v1-1"
"Br5590","9964045141_R05C01","2-5-8-v1-1"
"Br5790","9964045141_R06C01","2-5-8-v1-1"
"Br5828","9964045141_R07C01","2-5-8-v1-1"
"Br5937","9964045141_R08C01","2-5-8-v1-1"
"Br5600","9964675004_R01C01","2-5-8-v1-1"
"Br5803","9964675004_R02C01","2-5-8-v1-1"
"Br5831","9964675004_R03C01","2-5-8-v1-1"
"Br5939","9964675004_R04C01","2-5-8-v1-1"
"Br5604","9964675004_R05C01","2-5-8-v1-1"
"Br5806","9964675004_R06C01","2-5-8-v1-1"
"Br5833","9964675004_R07C01","2-5-8-v1-1"
"Br2641","9964675004_R08C01","2-5-8-v1-1"
"Br5623","9964675027_R01C01","2-5-8-v1-1"
"Br5809","9964675027_R02C01","2-5-8-v1-1"
"Br5834","9964675027_R03C01","2-5-8-v1-1"
"Br5312","9964675027_R04C01","2-5-8-v1-1"
"Br5628","9964675027_R05C01","2-5-8-v1-1"
"Br5944","9964675027_R06C01","2-5-8-v1-1"
"Br5838","9964675027_R07C01","2-5-8-v1-1"
"Br5363","9964675027_R08C01","2-5-8-v1-1"
"Br5640","9964675031_R01C01","2-5-8-v1-1"
"Br5266","9964675031_R02C01","2-5-8-v1-1"
"Br5853","9964675031_R03C01","2-5-8-v1-1"
"Br5434","9964675031_R04C01","2-5-8-v1-1"
"Br5642","9964675031_R05C01","2-5-8-v1-1"
"Br5384","9964675031_R06C01","2-5-8-v1-1"
"Br5867","9964675031_R07C01","2-5-8-v1-1"
"Br5152","9964045102_R01C01","2-5-8-v1-1"
"Br5171","9964045102_R02C01","2-5-8-v1-1"
"Br5201","9964045102_R03C01","2-5-8-v1-1"
"Br5237","9964045102_R04C01","2-5-8-v1-1"
"Br5239","9964045102_R05C01","2-5-8-v1-1"
"Br5242","9964045102_R06C01","2-5-8-v1-1"
"Br5260","9964045102_R07C01","2-5-8-v1-1"
"Br5295","9964045102_R08C01","2-5-8-v1-1"
"Br5299","9964045112_R01C01","2-5-8-v1-1"
"Br5307","9964045112_R02C01","2-5-8-v1-1"
"Br5320","9964045112_R03C01","2-5-8-v1-1"
"Br5344","9964045112_R04C01","2-5-8-v1-1"
"Br5360","9964045112_R05C01","2-5-8-v1-1"
"Br5361","9964045112_R06C01","2-5-8-v1-1"
"Br5368","9964045112_R07C01","2-5-8-v1-1"
"Br5369","9964045112_R08C01","2-5-8-v1-1"
"Br5388","9964045113_R01C01","2-5-8-v1-1"
"Br5389","9964045113_R02C01","2-5-8-v1-1"
"Br5395","9964045113_R03C01","2-5-8-v1-1"
"Br5400","9964045113_R04C01","2-5-8-v1-1"
"Br5415","9964045113_R05C01","2-5-8-v1-1"
"Br5417","9964045113_R06C01","2-5-8-v1-1"
"Br5427","9964045113_R07C01","2-5-8-v1-1"
"Br5433","9964045113_R08C01","2-5-8-v1-1"
"Br5440","9964045115_R01C01","2-5-8-v1-1"
"Br5443","9964045115_R02C01","2-5-8-v1-1"
"Br5453","9964045115_R03C01","2-5-8-v1-1"
"Br5459","9964045115_R04C01","2-5-8-v1-1"
"Br5460","9964045115_R05C01","2-5-8-v1-1"
"Br5462","9964045115_R06C01","2-5-8-v1-1"
"Br5466","9964045115_R07C01","2-5-8-v1-1"
"Br5470","9964045115_R08C01","2-5-8-v1-1"
"Br5475","9964045093_R01C01","2-5-8-v1-1"
"Br5477","9964045093_R02C01","2-5-8-v1-1"
"Br5478","9964045093_R03C01","2-5-8-v1-1"
"Br5484","9964045093_R04C01","2-5-8-v1-1"
"Br5488","9964045093_R05C01","2-5-8-v1-1"
"Br5529","9964045093_R06C01","2-5-8-v1-1"
"Br5551","9964045093_R07C01","2-5-8-v1-1"
"Br5555","9964045093_R08C01","2-5-8-v1-1"
"Br5556","9964045117_R01C01","2-5-8-v1-1"
"Br5558","9964045117_R02C01","2-5-8-v1-1"
"Br5572","9964045117_R03C01","2-5-8-v1-1"
"Br5580","9964045117_R04C01","2-5-8-v1-1"
"Br5584","9964045117_R05C01","2-5-8-v1-1"
"Br5595","9964045117_R06C01","2-5-8-v1-1"
"Br5599","9964045117_R07C01","2-5-8-v1-1"
"Br5603","9964045117_R08C01","2-5-8-v1-1"
"Br5618","9964045119_R01C01","2-5-8-v1-1"
"Br5622","9964045119_R02C01","2-5-8-v1-1"
"Br5625","9964045119_R03C01","2-5-8-v1-1"
"Br5626","9964045119_R04C01","2-5-8-v1-1"
"Br5634","9964045119_R05C01","2-5-8-v1-1"
"Br5638","9964045119_R06C01","2-5-8-v1-1"
"Br5218","9964045119_R07C01","2-5-8-v1-1"
"Br5233","9964045119_R08C01","2-5-8-v1-1"
"Br5301","9964045128_R01C01","2-5-8-v1-1"
"Br5313","9964045128_R02C01","2-5-8-v1-1"
"Br5326","9964045128_R03C01","2-5-8-v1-1"
"Br5334","9964045128_R04C01","2-5-8-v1-1"
"Br5337","9964045128_R05C01","2-5-8-v1-1"
"Br5349","9964045128_R06C01","2-5-8-v1-1"
"Br5350","9964045128_R07C01","2-5-8-v1-1"
"Br5356","9964045128_R08C01","2-5-8-v1-1"
"Br5385","9964045129_R01C01","2-5-8-v1-1"
"Br5396","9964045129_R02C01","2-5-8-v1-1"
"Br5403","9964045129_R03C01","2-5-8-v1-1"
"Br5407","9964045129_R04C01","2-5-8-v1-1"
"Br5412","9964045129_R05C01","2-5-8-v1-1"
"Br5424","9964045129_R06C01","2-5-8-v1-1"
"Br5432","9964045129_R07C01","2-5-8-v1-1"
"Br5444","9964045129_R08C01","2-5-8-v1-1"
"Br5445","9964045133_R01C01","2-5-8-v1-1"
"Br5448","9964045133_R02C01","2-5-8-v1-1"
"Br5452","9964045133_R03C01","2-5-8-v1-1"
"Br5454","9964045133_R04C01","2-5-8-v1-1"
"Br5455","9964045133_R05C01","2-5-8-v1-1"
"Br5463","9964045133_R06C01","2-5-8-v1-1"
"Br5465","9964045133_R07C01","2-5-8-v1-1"
"Br5472","9964045133_R08C01","2-5-8-v1-1"
"Br5473","9964045134_R01C01","2-5-8-v1-1"
"Br5482","9964045134_R02C01","2-5-8-v1-1"
"Br5486","9964045134_R03C01","2-5-8-v1-1"
"Br5272","201398930004_R01C01","2-5-8-v1-3"
"Br5528","201398930004_R02C01","2-5-8-v1-3"
"Br5594","201398930004_R03C01","2-5-8-v1-3"
"Br5630","201398930004_R04C01","2-5-8-v1-3"
"Br5639","201398930004_R05C01","2-5-8-v1-3"
"Br5697","201398930004_R06C01","2-5-8-v1-3"
"Br2588","201398930004_R07C01","2-5-8-v1-3"
"Br2564","201398930004_R08C01","2-5-8-v1-3"
"Br2595","201398930009_R01C01","2-5-8-v1-3"
"Br2638","201398930009_R02C01","2-5-8-v1-3"
"Br5435","201398930009_R03C01","2-5-8-v1-3"
"Br5517","201398930009_R04C01","2-5-8-v1-3"
"Br5534","201398930009_R05C01","2-5-8-v1-3"
"Br5569","201398930009_R06C01","2-5-8-v1-3"
"Br5574","201398930009_R07C01","2-5-8-v1-3"
"Br5589","201398930009_R08C01","2-5-8-v1-3"
"Br5608","201398400035_R01C01","2-5-8-v1-3"
"Br5611","201398400035_R02C01","2-5-8-v1-3"
"Br5617","201398400035_R03C01","2-5-8-v1-3"
"Br5635","201398400035_R04C01","2-5-8-v1-3"
"Br5646","201398400035_R05C01","2-5-8-v1-3"
"Br5627","201398400035_R06C01","2-5-8-v1-3"
"Br5701","201398400035_R07C01","2-5-8-v1-3"
"Br5702","201398400035_R08C01","2-5-8-v1-3"
"Br5712","201398400043_R01C01","2-5-8-v1-3"
"Br5713","201398400043_R02C01","2-5-8-v1-3"
"Br5724","201398400043_R03C01","2-5-8-v1-3"
"Br5732","201398400043_R04C01","2-5-8-v1-3"
"Br5749","201398400043_R05C01","2-5-8-v1-3"
"Br5753","201398400043_R06C01","2-5-8-v1-3"
"Br5755","201398400043_R07C01","2-5-8-v1-3"
"Br5785","201398400043_R08C01","2-5-8-v1-3"
"Br5796","201398400045_R01C01","2-5-8-v1-3"
"Br5797","201398400045_R02C01","2-5-8-v1-3"
"Br5799","201398400045_R03C01","2-5-8-v1-3"
"Br5805","201398400045_R04C01","2-5-8-v1-3"
"Br5826","201398400045_R05C01","2-5-8-v1-3"
"Br5829","201398400045_R06C01","2-5-8-v1-3"
"Br5858","201398400045_R07C01","2-5-8-v1-3"
"Br5864","201398400045_R08C01","2-5-8-v1-3"
"Br5871","201398400056_R01C01","2-5-8-v1-3"
"Br5879","201398400056_R02C01","2-5-8-v1-3"
"Br5791","201398400056_R03C01","2-5-8-v1-3"
"Br5897","201398400056_R04C01","2-5-8-v1-3"
"Br5898","201398400056_R05C01","2-5-8-v1-3"
"Br5901","201398400056_R06C01","2-5-8-v1-3"
"Br5916","201398400056_R07C01","2-5-8-v1-3"
"Br5756","201398400056_R08C01","2-5-8-v1-3"
"Br5430","201398930101_R01C01","2-5-8-v1-3"
"Br5516","201398930101_R02C01","2-5-8-v1-3"
"Br5612","201398930101_R03C01","2-5-8-v1-3"
"Br2532","201398930101_R04C01","2-5-8-v1-3"
"Br5857","201398930101_R05C01","2-5-8-v1-3"
"Br5895","201398930101_R06C01","2-5-8-v1-3"
"Br5917","201398930101_R07C01","2-5-8-v1-3"
"Br5955","201398930101_R08C01","2-5-8-v1-3"
"Br5962","201398930120_R01C01","2-5-8-v1-3"
"Br5979","201398930120_R02C01","2-5-8-v1-3"
"Br5993","201398930120_R03C01","2-5-8-v1-3"
"Br6006","201398930120_R04C01","2-5-8-v1-3"
"Br6016","201398930120_R05C01","2-5-8-v1-3"
"Br6023","201398930120_R06C01","2-5-8-v1-3"
"Br5619","201398930120_R07C01","2-5-8-v1-3"
"Br5719","201398930120_R08C01","2-5-8-v1-3"
"Br5931","201398400130_R01C01","2-5-8-v1-3"
"Br5974","201398400130_R02C01","2-5-8-v1-3"
"Br5436","201398400130_R03C01","2-5-8-v1-3"
"Br1652","201398400130_R04C01","2-5-8-v1-3"
"Br1654","201398400130_R05C01","2-5-8-v1-3"
"Br2275","201398400130_R06C01","2-5-8-v1-3"
"Br1601","201398400130_R07C01","2-5-8-v1-3"
"Br5570","201398400130_R08C01","2-5-8-v1-3"
"Br5573","201398930141_R01C01","2-5-8-v1-3"
"Br5581","201398930141_R02C01","2-5-8-v1-3"
"Br5616","201398930141_R03C01","2-5-8-v1-3"
"Br5636","201398930141_R04C01","2-5-8-v1-3"
"Br5746","201398930141_R05C01","2-5-8-v1-3"
"Br5802","201398930141_R06C01","2-5-8-v1-3"
"Br5820","201398930141_R07C01","2-5-8-v1-3"
"Br5827","201398930141_R08C01","2-5-8-v1-3"
"Br2596","201962800123_R01C01","2-5-8-v1-3"
"Br5296","201962800123_R02C01","2-5-8-v1-3"
"Br5487","201962800123_R03C01","2-5-8-v1-3"
"Br5606","201962800123_R04C01","2-5-8-v1-3"
"Br5660","201962800123_R05C01","2-5-8-v1-3"
"Br5662","201962800123_R06C01","2-5-8-v1-3"
"Br5695","201962800123_R07C01","2-5-8-v1-3"
"Br5720","201962800123_R08C01","2-5-8-v1-3"
"Br5745","201962800133_R01C01","2-5-8-v1-3"
"Br5747","201962800133_R02C01","2-5-8-v1-3"
"Br5771","201962800133_R03C01","2-5-8-v1-3"
"Br5816","201962800133_R04C01","2-5-8-v1-3"
"Br5902","201962800133_R05C01","2-5-8-v1-3"
"Br5926","201962800133_R06C01","2-5-8-v1-3"
"Br5928","201962800133_R07C01","2-5-8-v1-3"
"Br5935","201962800133_R08C01","2-5-8-v1-3"
"Br5940","201962800049_R01C01","2-5-8-v1-3"
"Br5941","201962800049_R02C01","2-5-8-v1-3"
"Br5945","201962800049_R03C01","2-5-8-v1-3"
"Br5958","201962800049_R04C01","2-5-8-v1-3"
"Br5959","201962800049_R05C01","2-5-8-v1-3"
"Br5961","201962800049_R06C01","2-5-8-v1-3"
"Br5981","201962800049_R07C01","2-5-8-v1-3"
"Br5983","201962800049_R08C01","2-5-8-v1-3"
"Br6041","201962800051_R01C01","2-5-8-v1-3"
"Br6045","201962800051_R02C01","2-5-8-v1-3"
"Br6048","201962800051_R03C01","2-5-8-v1-3"
"Br6053","201962800051_R04C01","2-5-8-v1-3"
"Br6054","201962800051_R05C01","2-5-8-v1-3"
"Br6064","201962800051_R06C01","2-5-8-v1-3"
"Br6071","201962800051_R07C01","2-5-8-v1-3"
"Br6088","201962800051_R08C01","2-5-8-v1-3"
"Br6098","201962800025_R01C01","2-5-8-v1-3"
"Br6112","201962800025_R02C01","2-5-8-v1-3"
"Br6121","201962800025_R03C01","2-5-8-v1-3"
"Br6142","201962800025_R04C01","2-5-8-v1-3"
"Br6154","201962800025_R05C01","2-5-8-v1-3"
"Br8002","201962800025_R06C01","2-5-8-v1-3"
"Br8006","201962800025_R07C01","2-5-8-v1-3"
"Br8009","201962800025_R08C01","2-5-8-v1-3"
"Br8010","201962800080_R01C01","2-5-8-v1-3"
"Br8017","201962800080_R02C01","2-5-8-v1-3"
"Br8035","201962800080_R03C01","2-5-8-v1-3"
"Br8037","201962800080_R04C01","2-5-8-v1-3"
"Br8039","201962800080_R05C01","2-5-8-v1-3"
"Br8042","201962800080_R06C01","2-5-8-v1-3"
"Br8052","201962800080_R07C01","2-5-8-v1-3"
"Br8053","201962800080_R08C01","2-5-8-v1-3"
"Br8079","202030460085_R01C01","2-5-8-v1-3"
"Br2569","202030460085_R02C01","2-5-8-v1-3"
"Br2644","202030460085_R03C01","2-5-8-v1-3"
"Br5526","202030460085_R04C01","2-5-8-v1-3"
"Br5530","202030460085_R05C01","2-5-8-v1-3"
"Br5544","202030460085_R06C01","2-5-8-v1-3"
"Br5596","202030460085_R07C01","2-5-8-v1-3"
"Br5645","202030460085_R08C01","2-5-8-v1-3"
"Br5654","202030460087_R01C01","2-5-8-v1-3"
"Br5696","202030460087_R02C01","2-5-8-v1-3"
"Br5727","202030460087_R03C01","2-5-8-v1-3"
"Br5731","202030460087_R04C01","2-5-8-v1-3"
"Br5750","202030460087_R05C01","2-5-8-v1-3"
"Br5757","202030460087_R06C01","2-5-8-v1-3"
"Br5764","202030460087_R07C01","2-5-8-v1-3"
"Br5770","202030460087_R08C01","2-5-8-v1-3"
"Br5781","202046900019_R01C01","2-5-8-v1-3"
"Br5789","202046900019_R02C01","2-5-8-v1-3"
"Br5817","202046900019_R03C01","2-5-8-v1-3"
"Br5818","202046900019_R04C01","2-5-8-v1-3"
"Br5877","202046900019_R05C01","2-5-8-v1-3"
"Br5893","202046900019_R06C01","2-5-8-v1-3"
"Br5904","202046900019_R07C01","2-5-8-v1-3"
"Br5912","202046900019_R08C01","2-5-8-v1-3"
"Br5920","202046900021_R01C01","2-5-8-v1-3"
"Br5927","202046900021_R02C01","2-5-8-v1-3"
"Br5938","202046900021_R03C01","2-5-8-v1-3"
"Br5946","202046900021_R04C01","2-5-8-v1-3"
"Br5956","202046900021_R05C01","2-5-8-v1-3"
"Br5969","202046900021_R06C01","2-5-8-v1-3"
"Br5971","202046900021_R07C01","2-5-8-v1-3"
"Br5972","202046900021_R08C01","2-5-8-v1-3"
"Br5977","202114830026_R01C01","2-5-8-v1-3"
"Br5978","202114830026_R02C01","2-5-8-v1-3"
"Br5980","202114830026_R03C01","2-5-8-v1-3"
"Br5992","202114830026_R04C01","2-5-8-v1-3"
"Br6014","202114830026_R05C01","2-5-8-v1-3"
"Br6026","202114830026_R06C01","2-5-8-v1-3"
"Br6044","202114830026_R07C01","2-5-8-v1-3"
"Br6052","202114830026_R08C01","2-5-8-v1-3"
"Br6068","202114830093_R01C01","2-5-8-v1-3"
"Br6082","202114830093_R02C01","2-5-8-v1-3"
"Br6091","202114830093_R03C01","2-5-8-v1-3"
"Br6093","202114830093_R04C01","2-5-8-v1-3"
"Br6099","202114830093_R05C01","2-5-8-v1-3"
"Br6119","202114830093_R06C01","2-5-8-v1-3"
"Br6120","202114830093_R07C01","2-5-8-v1-3"
"Br6123","202114830093_R08C01","2-5-8-v1-3"
"Br6161","201398400002_R01C01","2-5-8-v1-3"
"Br8001","201398400002_R02C01","2-5-8-v1-3"
"Br8007","201398400002_R03C01","2-5-8-v1-3"
"Br8023","201398400002_R04C01","2-5-8-v1-3"
"Br8049","201398400002_R05C01","2-5-8-v1-3"
"Br8065","201398400002_R06C01","2-5-8-v1-3"
"Br8082","201398400002_R07C01","2-5-8-v1-3"
"Br5209","201398400002_R08C01","2-5-8-v1-3"
"Br2612","201962800026_R01C01","2-5-8-v1-3"
"Br2649","201962800026_R02C01","2-5-8-v1-3"
"Br5309","201962800026_R03C01","2-5-8-v1-3"
"Br5399","201962800026_R04C01","2-5-8-v1-3"
"Br5471","201962800026_R05C01","2-5-8-v1-3"
"Br5537","201962800026_R06C01","2-5-8-v1-3"
"Br5559","201962800026_R07C01","2-5-8-v1-3"
"Br5571","201962800026_R08C01","2-5-8-v1-3"
"Br5586","201962800076_R01C01","2-5-8-v1-3"
"Br5587","201962800076_R02C01","2-5-8-v1-3"
"Br5601","201962800076_R03C01","2-5-8-v1-3"
"Br5613","201962800076_R04C01","2-5-8-v1-3"
"Br5621","201962800076_R05C01","2-5-8-v1-3"
"Br5629","201962800076_R06C01","2-5-8-v1-3"
"Br5647","201962800076_R07C01","2-5-8-v1-3"
"Br5666","201962800076_R08C01","2-5-8-v1-3"
"Br5734","201962800081_R01C01","2-5-8-v1-3"
"Br5736","201962800081_R02C01","2-5-8-v1-3"
"Br5748","201962800081_R03C01","2-5-8-v1-3"
"Br5763","201962800081_R04C01","2-5-8-v1-3"
"Br5768","201962800081_R05C01","2-5-8-v1-3"
"Br5800","201962800081_R06C01","2-5-8-v1-3"
"Br5824","201962800081_R07C01","2-5-8-v1-3"
"Br5832","201962800081_R08C01","2-5-8-v1-3"
"Br5855","201962800139_R01C01","2-5-8-v1-3"
"Br5859","201962800139_R02C01","2-5-8-v1-3"
"Br5869","201962800139_R03C01","2-5-8-v1-3"
"Br5874","201962800139_R04C01","2-5-8-v1-3"
"Br5887","201962800139_R05C01","2-5-8-v1-3"
"Br5888","201962800139_R06C01","2-5-8-v1-3"
"Br5891","201962800139_R07C01","2-5-8-v1-3"
"Br5936","201962800139_R08C01","2-5-8-v1-3"
"Br5982","201962800079_R01C01","2-5-8-v1-3"
"Br5999","201962800079_R02C01","2-5-8-v1-3"
"Br6000","201962800079_R03C01","2-5-8-v1-3"
"Br6015","201962800079_R04C01","2-5-8-v1-3"
"Br6022","201962800079_R05C01","2-5-8-v1-3"
"Br6025","201962800079_R06C01","2-5-8-v1-3"
"Br6032","201962800079_R07C01","2-5-8-v1-3"
"Br6035","201962800079_R08C01","2-5-8-v1-3"
"Br6036","201962800141_R01C01","2-5-8-v1-3"
"Br6043","201962800141_R02C01","2-5-8-v1-3"
"Br6067","201962800141_R03C01","2-5-8-v1-3"
"Br6070","201962800141_R04C01","2-5-8-v1-3"
"Br6101","201962800141_R05C01","2-5-8-v1-3"
"Br8003","201962800141_R06C01","2-5-8-v1-3"
"Br8020","201962800141_R07C01","2-5-8-v1-3"
"Br8066","201962800141_R08C01","2-5-8-v1-3"
"Br8100","201962800055_R01C01","2-5-8-v1-3"
"Br2559","201962800055_R02C01","2-5-8-v1-3"
"Br2589","201962800055_R03C01","2-5-8-v1-3"
"Br2600","201962800055_R04C01","2-5-8-v1-3"
"Br2605","201962800055_R05C01","2-5-8-v1-3"
"Br2623","201962800055_R06C01","2-5-8-v1-3"
"Br2632","201962800055_R07C01","2-5-8-v1-3"
"Br2633","201962800055_R08C01","2-5-8-v1-3"
"Br2637","201962800018_R01C01","2-5-8-v1-3"
"Br2643","201962800018_R02C01","2-5-8-v1-3"
"Br2653","201962800018_R03C01","2-5-8-v1-3"
"Br5221","201962800018_R04C01","2-5-8-v1-3"
"Br5269","201962800018_R05C01","2-5-8-v1-3"
"Br5303","201962800018_R06C01","2-5-8-v1-3"
"Br5419","201962800018_R07C01","2-5-8-v1-3"
"Br5418","201962800018_R08C01","2-5-8-v1-3"
"Br5464","201962800030_R01C01","2-5-8-v1-3"
"Br5531","201962800030_R02C01","2-5-8-v1-3"
"Br5535","201962800030_R03C01","2-5-8-v1-3"
"Br5542","201962800030_R04C01","2-5-8-v1-3"
"Br5549","201962800030_R05C01","2-5-8-v1-3"
"Br5598","201962800030_R06C01","2-5-8-v1-3"
"Br5614","201962800030_R07C01","2-5-8-v1-3"
"Br5615","201962800030_R08C01","2-5-8-v1-3"
"Br5661","201962800037_R01C01","2-5-8-v1-3"
"Br5663","201962800037_R02C01","2-5-8-v1-3"
"Br5699","201962800037_R03C01","2-5-8-v1-3"
"Br5700","201962800037_R04C01","2-5-8-v1-3"
"Br5733","201962800037_R05C01","2-5-8-v1-3"
"Br5737","201962800037_R06C01","2-5-8-v1-3"
"Br5759","201962800037_R07C01","2-5-8-v1-3"
"Br5760","201962800037_R08C01","2-5-8-v1-3"
"Br5772","201962800038_R01C01","2-5-8-v1-3"
"Br5788","201962800038_R02C01","2-5-8-v1-3"
"Br5807","201962800038_R03C01","2-5-8-v1-3"
"Br5812","201962800038_R04C01","2-5-8-v1-3"
"Br5835","201962800038_R05C01","2-5-8-v1-3"
"Br5837","201962800038_R06C01","2-5-8-v1-3"
"Br5850","201962800038_R07C01","2-5-8-v1-3"
"Br5856","201962800038_R08C01","2-5-8-v1-3"
"Br5861","201962800045_R01C01","2-5-8-v1-3"
"Br5889","201962800045_R02C01","2-5-8-v1-3"
"Br5896","201962800045_R03C01","2-5-8-v1-3"
"Br5909","201962800045_R04C01","2-5-8-v1-3"
"Br5910","201962800045_R05C01","2-5-8-v1-3"
"Br5914","201962800045_R06C01","2-5-8-v1-3"
"Br5915","201962800045_R07C01","2-5-8-v1-3"
"Br5934","201962800045_R08C01","2-5-8-v1-3"
"Br5965","201962800065_R01C01","2-5-8-v1-3"
"Br5966","201962800065_R02C01","2-5-8-v1-3"
"Br5968","201962800065_R03C01","2-5-8-v1-3"
"Br5984","201962800065_R04C01","2-5-8-v1-3"
"Br5990","201962800065_R05C01","2-5-8-v1-3"
"Br5996","201962800065_R06C01","2-5-8-v1-3"
"Br5998","201962800065_R07C01","2-5-8-v1-3"
"Br6020","201962800065_R08C01","2-5-8-v1-3"
"Br6029","201962800102_R01C01","2-5-8-v1-3"
"Br6037","201962800102_R02C01","2-5-8-v1-3"
"Br6038","201962800102_R03C01","2-5-8-v1-3"
"Br6046","201962800102_R04C01","2-5-8-v1-3"
"Br6049","201962800102_R05C01","2-5-8-v1-3"
"Br6127","201962800102_R06C01","2-5-8-v1-3"
"Br6153","201962800102_R07C01","2-5-8-v1-3"
"Br8000","201962800102_R08C01","2-5-8-v1-3"
"Br8008","201962800138_R01C01","2-5-8-v1-3"
"Br8011","201962800138_R02C01","2-5-8-v1-3"
"Br8021","201962800138_R03C01","2-5-8-v1-3"
"Br8022","201962800138_R04C01","2-5-8-v1-3"
"Br8050","201962800138_R05C01","2-5-8-v1-3"
"Br8088","201962800138_R06C01","2-5-8-v1-3"
"Br2522","201962800138_R07C01","2-5-8-v1-3"
"Br2540","201962800138_R08C01","2-5-8-v1-3"
"Br2580","201962800056_R01C01","2-5-8-v1-3"
"Br2655","201962800056_R02C01","2-5-8-v1-3"
"Br5525","201962800056_R03C01","2-5-8-v1-3"
"Br5561","201962800056_R04C01","2-5-8-v1-3"
"Br5566","201962800056_R05C01","2-5-8-v1-3"
"Br5582","201962800056_R06C01","2-5-8-v1-3"
"Br5609","201962800056_R07C01","2-5-8-v1-3"
"Br5631","201962800056_R08C01","2-5-8-v1-3"
"Br5644","201962800057_R01C01","2-5-8-v1-3"
"Br5656","201962800057_R02C01","2-5-8-v1-3"
"Br5657","201962800057_R03C01","2-5-8-v1-3"
"Br5664","201962800057_R04C01","2-5-8-v1-3"
"Br5672","201962800057_R05C01","2-5-8-v1-3"
"Br5673","201962800057_R06C01","2-5-8-v1-3"
"Br5694","201962800057_R07C01","2-5-8-v1-3"
"Br5716","201962800057_R08C01","2-5-8-v1-3"
"Br5794","201962800100_R01C01","2-5-8-v1-3"
"Br5815","201962800100_R02C01","2-5-8-v1-3"
"Br5840","201962800100_R03C01","2-5-8-v1-3"
"Br5854","201962800100_R04C01","2-5-8-v1-3"
"Br5873","201962800100_R05C01","2-5-8-v1-3"
"Br5882","201962800100_R06C01","2-5-8-v1-3"
"Br5907","201962800100_R07C01","2-5-8-v1-3"
"Br5911","201962800100_R08C01","2-5-8-v1-3"
"Br5922","201962800101_R01C01","2-5-8-v1-3"
"Br5960","201962800101_R02C01","2-5-8-v1-3"
"Br5994","201962800101_R03C01","2-5-8-v1-3"
"Br5995","201962800101_R04C01","2-5-8-v1-3"
"Br5997","201962800101_R05C01","2-5-8-v1-3"
"Br6050","201962800101_R06C01","2-5-8-v1-3"
"Br6069","201962800101_R07C01","2-5-8-v1-3"
"Br6074","201962800101_R08C01","2-5-8-v1-3"
"Br6080","201962800109_R01C01","2-5-8-v1-3"
"Br6084","201962800109_R02C01","2-5-8-v1-3"
"Br6125","201962800109_R03C01","2-5-8-v1-3"
"Br8025","201962800109_R04C01","2-5-8-v1-3"
"Br8036","201962800109_R05C01","2-5-8-v1-3"
"Br8038","201962800109_R06C01","2-5-8-v1-3"
"Br8051","201962800109_R07C01","2-5-8-v1-3"
"Br5479","201962800109_R08C01","2-5-8-v1-3"
"Br5490","201962800110_R01C01","2-5-8-v1-3"
"Br5562","201962800110_R02C01","2-5-8-v1-3"
"Br5668","201962800110_R03C01","2-5-8-v1-3"
"Br5810","201962800110_R04C01","2-5-8-v1-3"
"Br5908","201962800110_R05C01","2-5-8-v1-3"
"Br5930","201962800110_R06C01","2-5-8-v1-3"
"Br5970","201962800110_R07C01","2-5-8-v1-3"
"Br5973","201962800110_R08C01","2-5-8-v1-3"
"Br6005","201962800111_R01C01","2-5-8-v1-3"
"Br6081","201962800111_R02C01","2-5-8-v1-3"
"Br6085","201962800111_R03C01","2-5-8-v1-3"
"Br5709","201962800111_R04C01","2-5-8-v1-3"
"Br6021","201962800111_R05C01","2-5-8-v1-3"
"Br6017","201962800111_R06C01","2-5-8-v1-3"
"Br5154","201962800111_R07C01","2-5-8-v1-3"
"Br5154","201962800111_R08C01","2-5-8-v1-3"
"Br6295","204086420079_R08C01","2.5-8_v1.5_56"
"Br6303","204086420083_R01C01","2.5-8_v1.5_56"
"Br5354","204086420083_R02C01","2.5-8_v1.5_56"
"Br6270","204086420083_R03C01","2.5-8_v1.5_56"
"Br6276","204086420083_R04C01","2.5-8_v1.5_56"
"Br5429","204086420083_R05C01","2.5-8_v1.5_56"
"Br5442","204086420083_R06C01","2.5-8_v1.5_56"
"Br5546","204086420083_R07C01","2.5-8_v1.5_56"
"Br5547","204086420083_R08C01","2.5-8_v1.5_56"
"Br5593","204088080001_R01C01","2.5-8_v1.5_56"
"Br5641","204088080001_R02C01","2.5-8_v1.5_56"
"Br6162","204088080001_R03C01","2.5-8_v1.5_56"
"Br6165","204088080001_R04C01","2.5-8_v1.5_56"
"Br6167","204088080001_R05C01","2.5-8_v1.5_56"
"Br6211","204088080001_R06C01","2.5-8_v1.5_56"
"Br5390","204088080001_R07C01","2.5-8_v1.5_56"
"Br6158","204088080001_R08C01","2.5-8_v1.5_56"
"Br8072","204088080002_R01C01","2.5-8_v1.5_56"
"Br8172","204088080002_R02C01","2.5-8_v1.5_56"
"Br8268","204086420076_R01C01","2.5-8_v1.5_56"
"Br6163","204086420076_R02C01","2.5-8_v1.5_56"
"Br8274","204088080002_R03C01","2.5-8_v1.5_56"
"Br5004","204086420076_R03C01","2.5-8_v1.5_56"
"Br6282","204086420076_R04C01","2.5-8_v1.5_56"
"Br6297","204088080002_R04C01","2.5-8_v1.5_56"
"Br6301","204086420076_R05C01","2.5-8_v1.5_56"
"Br6318","204086420076_R06C01","2.5-8_v1.5_56"
"Br6320","204086420076_R07C01","2.5-8_v1.5_56"
"Br5900","204086420076_R08C01","2.5-8_v1.5_56"
"Br6269","204086420077_R01C01","2.5-8_v1.5_56"
"Br6328","204086420077_R02C01","2.5-8_v1.5_56"
"Br6308","204088080002_R05C01","2.5-8_v1.5_56"
"Br5929","204086420077_R03C01","2.5-8_v1.5_56"
"Br6018","204086420077_R04C01","2.5-8_v1.5_56"
"Br6073","204086420077_R05C01","2.5-8_v1.5_56"
"Br2703","204086420077_R06C01","2.5-8_v1.5_56"
"Br2715","204086420077_R07C01","2.5-8_v1.5_56"
"Br2720","204086420077_R08C01","2.5-8_v1.5_56"
"Br2724","204086420078_R01C01","2.5-8_v1.5_56"
"Br3860","204086420078_R02C01","2.5-8_v1.5_56"
"Br3863","204086420078_R03C01","2.5-8_v1.5_56"
"Br3872","204086420078_R04C01","2.5-8_v1.5_56"
"Br3877","204086420078_R05C01","2.5-8_v1.5_56"
"Br6275","204086420078_R06C01","2.5-8_v1.5_56"
"Br6279","204086420078_R07C01","2.5-8_v1.5_56"
"Br8121","204086420078_R08C01","2.5-8_v1.5_56"
"Br8133","204086420079_R01C01","2.5-8_v1.5_56"
"Br8242","204086420079_R02C01","2.5-8_v1.5_56"
"Br8246","204086420079_R03C01","2.5-8_v1.5_56"
"Br8283","204086420079_R04C01","2.5-8_v1.5_56"
"Br8330","204086420079_R05C01","2.5-8_v1.5_56"
"Br8262","204086420079_R06C01","2.5-8_v1.5_56"
"Br5164","204086420079_R07C01","2.5-8_v1.5_56"
"Br5821","204088080002_R06C01","2.5-8_v1.5_56"
"Br6055","204088080002_R07C01","2.5-8_v1.5_56"
"Br6066","204088080002_R08C01","2.5-8_v1.5_56"
"Br2710","203287580049_R01C01","2.5v1.4_136"
"Br2721","203287580049_R02C01","2.5v1.4_136"
"Br3861","203287580049_R03C01","2.5v1.4_136"
"Br3874","203287580049_R04C01","2.5v1.4_136"
"Br6194","203287580049_R05C01","2.5v1.4_136"
"Br6209","203287580049_R06C01","2.5v1.4_136"
"Br6224","203287580049_R07C01","2.5v1.4_136"
"Br6228","203287580049_R08C01","2.5v1.4_136"
"Br6236","203282090003_R01C01","2.5v1.4_136"
"Br6238","203282090003_R02C01","2.5v1.4_136"
"Br6239","203282090003_R03C01","2.5v1.4_136"
"Br6253","203282090003_R04C01","2.5v1.4_136"
"Br6255","203282090003_R05C01","2.5v1.4_136"
"Br6258","203282090003_R06C01","2.5v1.4_136"
"Br6262","203282090003_R07C01","2.5v1.4_136"
"Br6283","203282090003_R08C01","2.5v1.4_136"
"Br6284","203282090132_R01C01","2.5v1.4_136"
"Br6285","203282090132_R02C01","2.5v1.4_136"
"Br6286","203282090132_R03C01","2.5v1.4_136"
"Br6287","203282090132_R04C01","2.5v1.4_136"
"Br6289","203282090132_R05C01","2.5v1.4_136"
"Br6292","203282090132_R06C01","2.5v1.4_136"
"Br6293","203282090132_R07C01","2.5v1.4_136"
"Br6296","203282090132_R08C01","2.5v1.4_136"
"Br6300","203271760042_R01C01","2.5v1.4_136"
"Br6310","203271760042_R02C01","2.5v1.4_136"
"Br6313","203271760042_R03C01","2.5v1.4_136"
"Br6314","203271760042_R04C01","2.5v1.4_136"
"Br6315","203271760042_R05C01","2.5v1.4_136"
"Br6316","203271760042_R06C01","2.5v1.4_136"
"Br6319","203271760042_R07C01","2.5v1.4_136"
"Br6324","203271760042_R08C01","2.5v1.4_136"
"Br6325","203282090094_R01C01","2.5v1.4_136"
"Br6326","203282090094_R02C01","2.5v1.4_136"
"Br6330","203282090094_R03C01","2.5v1.4_136"
"Br6331","203282090094_R04C01","2.5v1.4_136"
"Br6332","203282090094_R05C01","2.5v1.4_136"
"Br6333","203282090094_R06C01","2.5v1.4_136"
"Br6334","203282090094_R07C01","2.5v1.4_136"
"Br6335","203282090094_R08C01","2.5v1.4_136"
"Br6337","203271760046_R01C01","2.5v1.4_136"
"Br6338","203271760046_R02C01","2.5v1.4_136"
"Br6339","203271760046_R03C01","2.5v1.4_136"
"Br6341","203271760046_R04C01","2.5v1.4_136"
"Br6342","203271760046_R05C01","2.5v1.4_136"
"Br6349","203271760046_R06C01","2.5v1.4_136"
"Br6352","203271760046_R07C01","2.5v1.4_136"
"Br6354","203271760046_R08C01","2.5v1.4_136"
"Br6360","203282090048_R01C01","2.5v1.4_136"
"Br6386","203282090048_R02C01","2.5v1.4_136"
"Br6397","203282090048_R03C01","2.5v1.4_136"
"Br8087","203282090048_R04C01","2.5v1.4_136"
"Br8089","203282090048_R05C01","2.5v1.4_136"
"Br8095","203282090048_R06C01","2.5v1.4_136"
"Br8111","203282090048_R07C01","2.5v1.4_136"
"Br8120","203282090048_R08C01","2.5v1.4_136"
"Br8128","203287580007_R01C01","2.5v1.4_136"
"Br8148","203287580007_R02C01","2.5v1.4_136"
"Br8151","203287580007_R03C01","2.5v1.4_136"
"Br8154","203287580007_R04C01","2.5v1.4_136"
"Br8156","203287580007_R05C01","2.5v1.4_136"
"Br8158","203287580007_R06C01","2.5v1.4_136"
"Br8159","203287580007_R07C01","2.5v1.4_136"
"Br8169","203287580007_R08C01","2.5v1.4_136"
"Br8174","203287580040_R01C01","2.5v1.4_136"
"Br8176","203287580040_R02C01","2.5v1.4_136"
"Br8178","203287580040_R03C01","2.5v1.4_136"
"Br8226","203287580040_R04C01","2.5v1.4_136"
"Br8235","203287580040_R05C01","2.5v1.4_136"
"Br8244","203287580040_R06C01","2.5v1.4_136"
"Br8245","203287580040_R07C01","2.5v1.4_136"
"Br8250","203287580040_R08C01","2.5v1.4_136"
"Br8251","203282090001_R01C01","2.5v1.4_136"
"Br8252","203282090001_R02C01","2.5v1.4_136"
"Br8271","203282090001_R03C01","2.5v1.4_136"
"Br8297","203282090001_R04C01","2.5v1.4_136"
"Br8299","203282090001_R05C01","2.5v1.4_136"
"Br8303","203282090001_R06C01","2.5v1.4_136"
"Br8308","203282090001_R07C01","2.5v1.4_136"
"Br8313","203282090001_R08C01","2.5v1.4_136"
"Br8318","203354360012_R01C01","2.5v1.4_136"
"Br8325","203354360012_R02C01","2.5v1.4_136"
"Br8328","203354360012_R03C01","2.5v1.4_136"
"Br8329","203354360012_R04C01","2.5v1.4_136"
"Br8360","203354360012_R05C01","2.5v1.4_136"
"Br6259","203354360012_R06C01","2.5v1.4_136"
"Br6266","203354360012_R07C01","2.5v1.4_136"
"Br6271","203354360012_R08C01","2.5v1.4_136"
"Br6273","203282090125_R01C01","2.5v1.4_136"
"Br6274","203282090125_R02C01","2.5v1.4_136"
"Br6277","203282090125_R03C01","2.5v1.4_136"
"Br6278","203282090125_R04C01","2.5v1.4_136"
"Br6302","203282090125_R05C01","2.5v1.4_136"
"Br6306","203282090125_R06C01","2.5v1.4_136"
"Br6307","203282090125_R07C01","2.5v1.4_136"
"Br6344","203282090125_R08C01","2.5v1.4_136"
"Br8190","203354360009_R01C01","2.5v1.4_136"
"Br8201","203354360009_R02C01","2.5v1.4_136"
"Br8388","203354360009_R03C01","2.5v1.4_136"
"Br8391","203354360009_R04C01","2.5v1.4_136"
"Br8406","203354360009_R05C01","2.5v1.4_136"
"Br6173","203354360009_R06C01","2.5v1.4_136"
"Br6166","203354360009_R07C01","2.5v1.4_136"
"Br6205","203354360009_R08C01","2.5v1.4_136"
"Br6221","203271760040_R01C01","2.5v1.4_136"
"Br6226","203271760040_R02C01","2.5v1.4_136"
"Br6231","203271760040_R03C01","2.5v1.4_136"
"Br8143","203271760040_R04C01","2.5v1.4_136"
"Br8146","203271760040_R05C01","2.5v1.4_136"
"Br8149","203271760040_R06C01","2.5v1.4_136"
"Br8152","203271760040_R07C01","2.5v1.4_136"
"Br8164","203271760040_R08C01","2.5v1.4_136"
"Br8175","203271760048_R01C01","2.5v1.4_136"
"Br8183","203271760048_R02C01","2.5v1.4_136"
"Br8186","203271760048_R03C01","2.5v1.4_136"
"Br8222","203271760048_R04C01","2.5v1.4_136"
"Br2714","203271760048_R05C01","2.5v1.4_136"
"Br6039","203271760048_R06C01","2.5v1.4_136"
"Br6174","203271760048_R07C01","2.5v1.4_136"
"Br6261","203271760048_R08C01","2.5v1.4_136"
"Br2719","203403440077_R01C01","2.5v1.4_136"
"Br6290","203403440077_R02C01","2.5v1.4_136"
"Br6312","203403440077_R03C01","2.5v1.4_136"
"Br8191","203403440077_R04C01","2.5v1.4_136"
"Br8198","203403440077_R05C01","2.5v1.4_136"
"Br8199","203403440077_R06C01","2.5v1.4_136"
"Br8203","203403440077_R07C01","2.5v1.4_136"
"Br8213","203403440077_R08C01","2.5v1.4_136"
"Br8216","203403440160_R01C01","2.5v1.4_136"
"Br8220","203403440160_R02C01","2.5v1.4_136"
"Br8221","203403440160_R03C01","2.5v1.4_136"
"Br6233","203403440160_R04C01","2.5v1.4_136"
"Br6252","203403440160_R05C01","2.5v1.4_136"
"Br6256","203403440160_R06C01","2.5v1.4_136"
"Br6075","203403440160_R07C01","2.5v1.4_136"
"Br8060","203403440160_R08C01","2.5v1.4_136"
"Br1852","4031091061_A","h650"
"Br1881","4031091096_A","h650"
"Br1857","4031091110_A","h650"
"Br863","4040296001_A","h650"
"Br822","4040296003_A","h650"
"Br1550","4040296009_A","h650"
"Br993","4040296015_A","h650"
"Br1556","4040296037_A","h650"
"Br890","4040296039_A","h650"
"Br835","4040296050_A","h650"
"Br852","4040296067_A","h650"
"Br1568","4040296070_A","h650"
"Br1706","4040296072_A","h650"
"Br1581","4040296080_A","h650"
"Br1137","4040296088_A","h650"
"Br1539","4040296089_A","h650"
"Br1342","4040296090_A","h650"
"Br1844","4040296099_A","h650"
"Br1218","4040296100_A","h650"
"Br1142","4040296101_A","h650"
"Br1537","4040296102_A","h650"
"Br1627","4040296103_A","h650"
"Br1006","4040296115_A","h650"
"Br1105","4040296117_A","h650"
"Br973","4040296002_A","h650"
"Br826","4040296005_A","h650"
"Br926","4040296006_A","h650"
"Br898","4040296016_A","h650"
"Br906","4040296018_A","h650"
"Br848","4040296019_A","h650"
"Br1060","4040296021_A","h650"
"Br887","4040296022_A","h650"
"Br1062","4040296023_A","h650"
"Br927","4040296024_A","h650"
"Br991","4040296031_A","h650"
"Br1068","4040296032_A","h650"
"Br1069","4040296033_A","h650"
"Br928","4040296034_A","h650"
"Br905","4040296035_A","h650"
"Br1033","4040296036_A","h650"
"Br845","4040296055_A","h650"
"Br972","4040296056_A","h650"
"Br918","4040296057_A","h650"
"Br982","4040296087_A","h650"
"Br957","4040296094_A","h650"
"Br894","4040296095_A","h650"
"Br959","4040296096_A","h650"
"Br924","4040296105_A","h650"
"Br1613","4031091001_A","h650"
"Br1849","4031091003_A","h650"
"Br1558","4031091005_A","h650"
"Br1553","4031091020_A","h650"
"Br1647","4031091025_A","h650"
"Br1615","4031091029_A","h650"
"Br1633","4031091030_A","h650"
"Br1452","4031091043_A","h650"
"Br1571","4031091047_A","h650"
"Br1565","4031091048_A","h650"
"Br1490","4031091090_A","h650"
"Br1649","4031091106_A","h650"
"Br1563","4031091107_A","h650"
"Br1654","4031091108_A","h650"
"Br1560","4031091109_A","h650"
"Br1644","4031091116_A","h650"
"Br1133","4040296008_A","h650"
"Br1164","4040296020_A","h650"
"Br1228","4040296028_A","h650"
"Br1435","4040296030_A","h650"
"Br1288","4040296040_A","h650"
"Br1379","4040296041_A","h650"
"Br1412","4040296042_A","h650"
"Br1287","4040296043_A","h650"
"Br1244","4040296044_A","h650"
"Br1193","4040296045_A","h650"
"Br1091","4040296049_A","h650"
"Br1289","4040296051_A","h650"
"Br1190","4040296058_A","h650"
"Br1302","4040296059_A","h650"
"Br1150","4040296060_A","h650"
"Br1111","4040296064_A","h650"
"Br1106","4040296065_A","h650"
"Br1424","4040296066_A","h650"
"Br1604","4040296068_A","h650"
"Br1611","4040296069_A","h650"
"Br1227","4040296073_A","h650"
"Br1512","4040296074_A","h650"
"Br1292","4040296075_A","h650"
"Br1282","4040296076_A","h650"
"Br1185","4040296078_A","h650"
"Br1118","4040296079_A","h650"
"Br1378","4040296081_A","h650"
"Br1531","4040296082_A","h650"
"Br1160","4040296084_A","h650"
"Br1548","4040296091_A","h650"
"Br1547","4040296092_A","h650"
"Br1380","4040296093_A","h650"
"Br1862","4031091002_A","h650"
"Br1853","4031091007_A","h650"
"Br1863","4031091009_A","h650"
"Br1856","4031091010_A","h650"
"Br1860","4031091011_A","h650"
"Br1697","4031091012_A","h650"
"Br1848","4031091013_A","h650"
"Br1695","4031091014_A","h650"
"Br1847","4031091015_A","h650"
"Br1846","4031091016_A","h650"
"Br1851","4031091017_A","h650"
"Br1461","4031091019_A","h650"
"Br1691","4031091021_A","h650"
"Br1670","4031091026_A","h650"
"Br1708","4031091031_A","h650"
"Br1674","4031091033_A","h650"
"Br1861","4031091035_A","h650"
"Br1657","4031091037_A","h650"
"Br1845","4031091038_A","h650"
"Br1855","4031091039_A","h650"
"Br1854","4031091059_A","h650"
"Br1850","4031091060_A","h650"
"Br1669","4031091062_A","h650"
"Br1864","4031091081_A","h650"
"Br2143","4256126039_A","h650"
"Br1870","4256126057_A","h650"
"Br1872","4256126058_A","h650"
"Br1869","4256126106_A","h650"
"Br1785","4256126107_A","h650"
"Br1778","4256126108_A","h650"
"Br1783","4256126109_A","h650"
"Br1865","4256126110_A","h650"
"Br1787","4256126111_A","h650"
"Br1874","4256126112_A","h650"
"Br1789","4256126113_A","h650"
"Br1868","4256126117_A","h650"
"Br1866","4256126120_A","h650"
"Br1882","4256126125_A","h650"
"Br1786","4256126129_A","h650"
"Br1782","4256126130_A","h650"
"Br1779","4256126131_A","h650"
"Br1781","4256126132_A","h650"
"Br1875","4256126134_A","h650"
"Br1878","4256126145_A","h650"
"Br1877","4256126180_A","h650"
"Br1880","4256126182_A","h650"
"Br1867","4256126187_A","h650"
"Br1784","4256126188_A","h650"
"Br1351","4256126038_A","h650"
"Br1385","4256126040_A","h650"
"Br1876","4256126056_A","h650"
"Br1966","4256126102_A","h650"
"Br1977","4256126103_A","h650"
"Br1961","4256126104_A","h650"
"Br1346","4256126105_A","h650"
"Br1410","4256126135_A","h650"
"Br1536","4256126146_A","h650"
"Br1964","4256126160_A","h650"
"Br1039","4256126161_A","h650"
"Br1975","4256126164_A","h650"
"Br1243","4256126168_A","h650"
"Br1249","4256126169_A","h650"
"Br1348","4256126170_A","h650"
"Br1443","4256126181_A","h650"
"Br1306","4256126186_A","h650"
"Br1965","4256126191_A","h650"
"Br1431","4256126195_A","h650"
"Br1135","4256126196_A","h650"
"Br1518","4256126197_A","h650"
"Br1810","4256126223_A","h650"
"Br1474","4256126241_A","h650"
"Br1469","4256126291_A","h650"
"Br1285","4256126115_A","h650"
"Br1157","4256126116_A","h650"
"Br1263","4256126121_A","h650"
"Br1281","4256126122_A","h650"
"Br1764","4256126123_A","h650"
"Br1297","4256126124_A","h650"
"Br1148","4256126133_A","h650"
"Br1409","4256126140_A","h650"
"Br1446","4256126150_A","h650"
"Br1143","4256126156_A","h650"
"Br1350","4256126157_A","h650"
"Br1023","4256126158_A","h650"
"Br847","4256126165_A","h650"
"Br1364","4256126167_A","h650"
"Br1331","4256126192_A","h650"
"Br1040","4256126193_A","h650"
"Br1494","4256126194_A","h650"
"Br1407","4256126204_A","h650"
"Br942","4256126224_A","h650"
"Br1340","4256126228_A","h650"
"Br1264","4256126229_A","h650"
"Br1187","4256126251_A","h650"
"Br1250","4256126252_A","h650"
"Br1463","4256126294_A","h650"
"Br6347","201962800064_R01C01","Tao_Omni2.5v1.3_8"
"Br6351","201962800064_R02C01","Tao_Omni2.5v1.3_8"
"Br8345","201962800064_R03C01","Tao_Omni2.5v1.3_8"
"Br6389","201962800064_R04C01","Tao_Omni2.5v1.3_8"
"Br8284","201962800064_R05C01","Tao_Omni2.5v1.3_8"
"Br6321","201962800064_R06C01","Tao_Omni2.5v1.3_8"
"Br6327","201962800064_R07C01","Tao_Omni2.5v1.3_8"
"Br6343","201962800064_R08C01","Tao_Omni2.5v1.3_8"
